x_00,x_01,x_02,x_03,x_04,x_05,x_06,x_07,x_08,x_09,x_10,x_11,x_12,x_13,x_14,x_15,x_16,x_17,x_18,x_19
0.0,0.0,1.0,1.0465652562050811,0.0,0.0,1.0,1.0362290576372448,0.0,0.0,1.0,1.0246991587558023,0.0,0.0,0.0,0.8268958854269037,0.0,0.0,1.0,1.0
0.0,1.0,1.0465652562050811,1.0499459565783684,0.0,1.0,1.0362290576372448,1.0374889694257605,0.0,1.0,1.0246991587558023,1.0249985664620849,0.0,0.0,0.8268958854269037,0.9965589722086321,0.0,1.0,1.0,1.0
1.0,1.0465652562050811,1.0499459565783684,1.0499995495200687,1.0,1.0362290576372448,1.0374889694257605,1.0374999377829184,1.0,1.0246991587558023,1.0249985664620849,1.024999994480247,0.0,0.8268958854269037,0.9965589722086321,0.9999689389720245,1.0,1.0,1.0,1.0
1.0465652562050811,1.0499459565783684,1.0499995495200687,1.0499999972272847,1.0362290576372448,1.0374889694257605,1.0374999377829184,1.037499999712519,1.0246991587558023,1.0249985664620849,1.024999994480247,1.0249999999807242,0.8268958854269037,0.9965589722086321,0.9999689389720245,0.9999998011812572,1.0,1.0,1.0,1.0
1.0499459565783684,1.0499995495200687,1.0499999972272847,1.049999999789816,1.0374889694257605,1.0374999377829184,1.037499999712519,1.0374999999704024,1.0249985664620849,1.024999994480247,1.0249999999807242,1.0249999999972896,0.9965589722086321,0.9999689389720245,0.9999998011812572,0.9999999855530817,1.0,1.0,1.0,1.0
1.0499995495200687,1.0499999972272847,1.049999999789816,1.0499996897029122,1.0374999377829184,1.037499999712519,1.0374999999704024,1.0374999345342377,1.024999994480247,1.0249999999807242,1.0249999999972896,1.024999991209439,0.9999689389720245,0.9999998011812572,0.9999999855530817,0.9999804134939616,1.0,1.0,1.0,1.0
1.0499999972272847,1.049999999789816,1.0499996897029122,1.049739045779629,1.037499999712519,1.0374999999704024,1.0374999345342377,1.0374018774205602,1.0249999999807242,1.0249999999972896,1.024999991209439,1.0249764051240449,0.9999998011812572,0.9999999855530817,0.9999804134939616,0.9869734687254983,1.0,1.0,1.0,1.0
1.049999999789816,1.0499996897029122,1.049739045779629,1.0,1.0374999999704024,1.0374999345342377,1.0374018774205602,1.0,1.0249999999972896,1.024999991209439,1.0249764051240449,1.0,0.9999999855530817,0.9999804134939616,0.9869734687254983,0.0,1.0,1.0,1.0,1.0
0.0,0.0,1.0,1.0555529871005789,0.0,0.0,1.0,1.0465652562050811,0.0,0.0,1.0,1.0362290576372448,0.0,0.0,0.0,0.7190184716398207,0.0,0.0,1.0,1.0
0.0,1.0,1.0555529871005789,1.062308846669893,0.0,1.0,1.0465652562050811,1.0499459565783684,0.0,1.0,1.0362290576372448,1.0374889694257605,0.0,0.0,0.7190184716398207,0.9890312073219576,0.0,1.0,1.0,1.0
1.0,1.0555529871005789,1.062308846669893,1.0624976372108537,1.0,1.0465652562050811,1.0499459565783684,1.0499995495200687,1.0,1.0362290576372448,1.0374889694257605,1.0374999377829184,0.0,0.7190184716398207,0.9890312073219576,0.9998470152627981,1.0,1.0,1.0,1.0
1.0555529871005789,1.062308846669893,1.0624976372108537,1.0624999805247433,1.0465652562050811,1.0499459565783684,1.0499995495200687,1.0499999972272847,1.0362290576372448,1.0374889694257605,1.0374999377829184,1.037499999712519,0.7190184716398207,0.9890312073219576,0.9998470152627981,0.9999986637966884,1.0,1.0,1.0,1.0
1.062308846669893,1.0624976372108537,1.0624999805247433,1.062499998895753,1.0499459565783684,1.0499995495200687,1.0499999972272847,1.049999999789816,1.0374889694257605,1.0374999377829184,1.037499999712519,1.0374999999704024,0.9890312073219576,0.9998470152627981,0.9999986637966884,0.9999999284749705,1.0,1.0,1.0,1.0
1.0624976372108537,1.0624999805247433,1.062499998895753,1.0624989387890826,1.0499995495200687,1.0499999972272847,1.049999999789816,1.0499996897029122,1.0374999377829184,1.037499999712519,1.0374999999704024,1.0374999345342377,0.9998470152627981,0.9999986637966884,0.9999999284749705,0.9999399268936315,1.0,1.0,1.0,1.0
1.0624999805247433,1.062499998895753,1.0624989387890826,1.061980874639886,1.0499999972272847,1.049999999789816,1.0499996897029122,1.049739045779629,1.037499999712519,1.0374999999704024,1.0374999345342377,1.0374018774205602,0.9999986637966884,0.9999999284749705,0.9999399268936315,0.9793463088205634,1.0,1.0,1.0,1.0
1.062499998895753,1.0624989387890826,1.061980874639886,1.0,1.049999999789816,1.0499996897029122,1.049739045779629,1.0,1.0374999999704024,1.0374999345342377,1.0374018774205602,1.0,0.9999999284749705,0.9999399268936315,0.9793463088205634,0.0,1.0,1.0,1.0,1.0
0.0,0.0,1.0,1.0633157541900828,0.0,0.0,1.0,1.0555529871005789,0.0,0.0,1.0,1.0465652562050811,0.0,0.0,0.0,0.6210213671603171,0.0,0.0,1.0,1.0
0.0,1.0,1.0633157541900828,1.0744735515612822,0.0,1.0,1.0555529871005789,1.062308846669893,0.0,1.0,1.0465652562050811,1.0499459565783684,0.0,0.0,0.6210213671603171,0.9731763913111457,0.0,1.0,1.0,1.0
1.0,1.0633157541900828,1.0744735515612822,1.074990390038881,1.0,1.0555529871005789,1.062308846669893,1.0624976372108537,1.0,1.0465652562050811,1.0499459565783684,1.0499995495200687,0.0,0.6210213671603171,0.9731763913111457,0.9994202262421936,1.0,1.0,1.0,1.0
1.0633157541900828,1.0744735515612822,1.074990390038881,1.0749998935859897,1.0555529871005789,1.062308846669893,1.0624976372108537,1.0624999805247433,1.0465652562050811,1.0499459565783684,1.0499995495200687,1.0499999972272847,0.6210213671603171,0.9731763913111457,0.9994202262421936,0.9999930448997141,1.0,1.0,1.0,1.0
1.0744735515612822,1.074990390038881,1.0749998935859897,1.074999995343912,1.062308846669893,1.0624976372108537,1.0624999805247433,1.062499998895753,1.0499459565783684,1.0499995495200687,1.0499999972272847,1.049999999789816,0.9731763913111457,0.9994202262421936,0.9999930448997141,0.999999715852713,1.0,1.0,1.0,1.0
1.074990390038881,1.0749998935859897,1.074999995343912,1.0749971758460726,1.0624976372108537,1.0624999805247433,1.062499998895753,1.0624989387890826,1.0499995495200687,1.0499999972272847,1.049999999789816,1.0499996897029122,0.9994202262421936,0.9999930448997141,0.999999715852713,0.9998589645591949,1.0,1.0,1.0,1.0
1.0749998935859897,1.074999995343912,1.0749971758460726,1.0741416770382848,1.0624999805247433,1.062499998895753,1.0624989387890826,1.061980874639886,1.0499999972272847,1.049999999789816,1.0499996897029122,1.049739045779629,0.9999930448997141,0.999999715852713,0.9998589645591949,0.9728641918719028,1.0,1.0,1.0,1.0
1.074999995343912,1.0749971758460726,1.0741416770382848,1.0,1.062499998895753,1.0624989387890826,1.061980874639886,1.0,1.049999999789816,1.0499996897029122,1.049739045779629,1.0,0.999999715852713,0.9998589645591949,0.9728641918719028,0.0,1.0,1.0,1.0,1.0
0.0,0.0,1.0,1.0700050732831166,0.0,0.0,1.0,1.0633157541900828,0.0,0.0,1.0,1.0555529871005789,0.0,0.0,0.0,0.5351455274426975,0.0,0.0,1.0,1.0
0.0,1.0,1.0700050732831166,1.0863075491169456,0.0,1.0,1.0633157541900828,1.0744735515612822,0.0,1.0,1.0555529871005789,1.062308846669893,0.0,0.0,0.5351455274426975,0.9467198044530711,0.0,1.0,1.0,1.0
1.0,1.0700050732831166,1.0863075491169456,1.0874682777599864,1.0,1.0633157541900828,1.0744735515612822,1.074990390038881,1.0,1.0555529871005789,1.062308846669893,1.0624976372108537,0.0,0.5351455274426975,0.9467198044530711,0.998231017688429,1.0,1.0,1.0,1.0
1.0700050732831166,1.0863075491169456,1.0874682777599864,1.087499527897268,1.0633157541900828,1.0744735515612822,1.074990390038881,1.0749998935859897,1.0555529871005789,1.062308846669893,1.0624976372108537,1.0624999805247433,0.5351455274426975,0.9467198044530711,0.998231017688429,0.9999707449022566,1.0,1.0,1.0,1.0
1.0863075491169456,1.0874682777599864,1.087499527897268,1.0874999832197745,1.0744735515612822,1.074990390038881,1.0749998935859897,1.074999995343912,1.062308846669893,1.0624976372108537,1.0624999805247433,1.062499998895753,0.9467198044530711,0.998231017688429,0.9999707449022566,0.9999990300689987,1.0,1.0,1.0,1.0
1.0874682777599864,1.087499527897268,1.0874999832197745,1.087493822806609,1.074990390038881,1.0749998935859897,1.074999995343912,1.0749971758460726,1.0624976372108537,1.0624999805247433,1.062499998895753,1.0624989387890826,0.998231017688429,0.9999707449022566,0.9999990300689987,0.9997317568429054,1.0,1.0,1.0,1.0
1.087499527897268,1.0874999832197745,1.087493822806609,1.086237075728401,1.0749998935859897,1.074999995343912,1.0749971758460726,1.0741416770382848,1.0624999805247433,1.062499998895753,1.0624989387890826,1.061980874639886,0.9999707449022566,0.9999990300689987,0.9997317568429054,0.9676318952092977,1.0,1.0,1.0,1.0
1.0874999832197745,1.087493822806609,1.086237075728401,1.0,1.074999995343912,1.0749971758460726,1.0741416770382848,1.0,1.062499998895753,1.0624989387890826,1.061980874639886,1.0,0.9999990300689987,0.9997317568429054,0.9676318952092977,0.0,1.0,1.0,1.0,1.0
0.0,0.0,1.0,1.0757611392165023,0.0,0.0,1.0,1.0700050732831166,0.0,0.0,1.0,1.0633157541900828,0.0,0.0,0.0,0.46048527467085876,0.0,0.0,1.0,1.0
0.0,1.0,1.0757611392165023,1.09767996100107,0.0,1.0,1.0700050732831166,1.0863075491169456,0.0,1.0,1.0633157541900828,1.0744735515612822,0.0,0.0,0.46048527467085876,0.909792950729944,0.0,1.0,1.0,1.0
1.0,1.0757611392165023,1.09767996100107,1.0999120587547986,1.0,1.0700050732831166,1.0863075491169456,1.0874682777599864,1.0,1.0633157541900828,1.0744735515612822,1.074990390038881,0.0,0.46048527467085876,0.909792950729944,0.995502479584971,1.0,1.0,1.0,1.0
1.0757611392165023,1.09767996100107,1.0999120587547986,1.0999982463659081,1.0700050732831166,1.0863075491169456,1.0874682777599864,1.087499527897268,1.0633157541900828,1.0744735515612822,1.074990390038881,1.0749998935859897,0.46048527467085876,0.909792950729944,0.995502479584971,0.9998974774912206,1.0,1.0,1.0,1.0
1.09767996100107,1.0999120587547986,1.0999982463659081,1.099999945596581,1.0863075491169456,1.0874682777599864,1.087499527897268,1.0874999832197745,1.0744735515612822,1.074990390038881,1.0749998935859897,1.074999995343912,0.909792950729944,0.995502479584971,0.9998974774912206,0.9999969901445205,1.0,1.0,1.0,1.0
1.0999120587547986,1.0999982463659081,1.099999945596581,1.0999884022400654,1.0874682777599864,1.087499527897268,1.0874999832197745,1.087493822806609,1.074990390038881,1.0749998935859897,1.074999995343912,1.0749971758460726,0.995502479584971,0.9998974774912206,0.9999969901445205,0.9995663546765243,1.0,1.0,1.0,1.0
1.0999982463659081,1.099999945596581,1.0999884022400654,1.098281034789353,1.087499527897268,1.0874999832197745,1.087493822806609,1.086237075728401,1.0749998935859897,1.074999995343912,1.0749971758460726,1.0741416770382848,0.9998974774912206,0.9999969901445205,0.9995663546765243,0.9635167248761611,1.0,1.0,1.0,1.0
1.099999945596581,1.0999884022400654,1.098281034789353,1.0,1.0874999832197745,1.087493822806609,1.086237075728401,1.0,1.074999995343912,1.0749971758460726,1.0741416770382848,1.0,0.9999969901445205,0.9995663546765243,0.9635167248761611,0.0,1.0,1.0,1.0,1.0
0.0,0.0,1.0,1.0807221394849977,0.0,0.0,1.0,1.0757611392165023,0.0,0.0,1.0,1.0700050732831166,0.0,0.0,0.0,0.3968800214796353,0.0,0.0,1.0,1.0
0.0,1.0,1.0807221394849977,1.1084848884029275,0.0,1.0,1.0757611392165023,1.09767996100107,0.0,1.0,1.0700050732831166,1.0863075491169456,0.0,0.0,0.3968800214796353,0.8643941921486054,0.0,1.0,1.0,1.0
1.0,1.0807221394849977,1.1084848884029275,1.1122895132346036,1.0,1.0757611392165023,1.09767996100107,1.0999120587547986,1.0,1.0700050732831166,1.0863075491169456,1.0874682777599864,0.0,0.3968800214796353,0.8643941921486054,0.9901963583843987,1.0,1.0,1.0,1.0
1.0807221394849977,1.1084848884029275,1.1122895132346036,1.112494414878382,1.0757611392165023,1.09767996100107,1.0999120587547986,1.0999982463659081,1.0700050732831166,1.0863075491169456,1.0874682777599864,1.087499527897268,0.3968800214796353,0.8643941921486054,0.9901963583843987,0.9996934809979052,1.0,1.0,1.0,1.0
1.1084848884029275,1.1122895132346036,1.112494414878382,1.1124998354828692,1.09767996100107,1.0999120587547986,1.0999982463659081,1.099999945596581,1.0863075491169456,1.0874682777599864,1.087499527897268,1.0874999832197745,0.8643941921486054,0.9901963583843987,0.9996934809979052,0.9999911909030601,1.0,1.0,1.0,1.0
1.1122895132346036,1.112494414878382,1.1124998354828692,1.1124806426068574,1.0999120587547986,1.0999982463659081,1.099999945596581,1.0999884022400654,1.0874682777599864,1.087499527897268,1.0874999832197745,1.087493822806609,0.9901963583843987,0.9996934809979052,0.9999911909030601,0.9993792293433579,1.0,1.0,1.0,1.0
1.112494414878382,1.1124998354828692,1.1124806426068574,1.1102867083154266,1.0999982463659081,1.099999945596581,1.0999884022400654,1.098281034789353,1.087499527897268,1.0874999832197745,1.087493822806609,1.086237075728401,0.9996934809979052,0.9999911909030601,0.9993792293433579,0.9604538820858899,1.0,1.0,1.0,1.0
1.1124998354828692,1.1124806426068574,1.1102867083154266,1.0,1.099999945596581,1.0999884022400654,1.098281034789353,1.0,1.0874999832197745,1.087493822806609,1.086237075728401,1.0,0.9999911909030601,0.9993792293433579,0.9604538820858899,0.0,1.0,1.0,1.0,1.0
0.0,0.0,1.0,1.085002002285947,0.0,0.0,1.0,1.0807221394849977,0.0,0.0,1.0,1.0757611392165023,0.0,0.0,0.0,0.34238902407594196,0.0,0.0,1.0,1.0
0.0,1.0,1.085002002285947,1.118648652244488,0.0,1.0,1.0807221394849977,1.1084848884029275,0.0,1.0,1.0757611392165023,1.09767996100107,0.0,0.0,0.34238902407594196,0.8131011073248473,0.0,1.0,1.0,1.0
1.0,1.085002002285947,1.118648652244488,1.1245547136518368,1.0,1.0807221394849977,1.1084848884029275,1.1122895132346036,1.0,1.0757611392165023,1.09767996100107,1.0999120587547986,0.0,0.34238902407594196,0.8131011073248473,0.9812160333786579,1.0,1.0,1.0,1.0
1.085002002285947,1.118648652244488,1.1245547136518368,1.1249844481717348,1.0807221394849977,1.1084848884029275,1.1122895132346036,1.112494414878382,1.0757611392165023,1.09767996100107,1.0999120587547986,1.0999982463659081,0.34238902407594196,0.8131011073248473,0.9812160333786579,0.9992026634682283,1.0,1.0,1.0,1.0
1.118648652244488,1.1245547136518368,1.1249844481717348,1.1249995280298977,1.1084848884029275,1.1122895132346036,1.112494414878382,1.1124998354828692,1.09767996100107,1.0999120587547986,1.0999982463659081,1.099999945596581,0.8131011073248473,0.9812160333786579,0.9992026634682283,0.9999754037622743,1.0,1.0,1.0,1.0
1.1245547136518368,1.1249844481717348,1.1249995280298977,1.1249704825323585,1.1122895132346036,1.112494414878382,1.1124998354828692,1.1124806426068574,1.0999120587547986,1.0999982463659081,1.099999945596581,1.0999884022400654,0.9812160333786579,0.9992026634682283,0.9999754037622743,0.9991871940400898,1.0,1.0,1.0,1.0
1.1249844481717348,1.1249995280298977,1.1249704825323585,1.1222648779342888,1.112494414878382,1.1124998354828692,1.1124806426068574,1.1102867083154266,1.0999982463659081,1.099999945596581,1.0999884022400654,1.098281034789353,0.9992026634682283,0.9999754037622743,0.9991871940400898,0.9582535695089689,1.0,1.0,1.0,1.0
1.1249995280298977,1.1249704825323585,1.1222648779342888,1.0,1.1124998354828692,1.1124806426068574,1.1102867083154266,1.0,1.099999945596581,1.0999884022400654,1.098281034789353,1.0,0.9999754037622743,0.9991871940400898,0.9582535695089689,0.0,1.0,1.0,1.0,1.0
0.0,0.0,1.0,1.0887003465913137,0.0,0.0,1.0,1.085002002285947,0.0,0.0,1.0,1.0807221394849977,0.0,0.0,0.0,0.2958675444293313,0.0,0.0,1.0,1.0
0.0,1.0,1.0887003465913137,1.128127834223141,0.0,1.0,1.085002002285947,1.118648652244488,0.0,1.0,1.0807221394849977,1.1084848884029275,0.0,0.0,0.2958675444293313,0.7583345582922263,0.0,1.0,1.0,1.0
1.0,1.0887003465913137,1.128127834223141,1.1366504343515695,1.0,1.085002002285947,1.118648652244488,1.1245547136518368,1.0,1.0807221394849977,1.1084848884029275,1.1122895132346036,0.0,0.2958675444293313,0.7583345582922263,0.9676576559786199,1.0,1.0,1.0,1.0
1.0887003465913137,1.128127834223141,1.1366504343515695,1.1374615035832738,1.085002002285947,1.118648652244488,1.1245547136518368,1.1249844481717348,1.0807221394849977,1.1084848884029275,1.1122895132346036,1.112494414878382,0.2958675444293313,0.7583345582922263,0.9676576559786199,0.9981644329231187,1.0,1.0,1.0,1.0
1.128127834223141,1.1366504343515695,1.1374615035832738,1.1374987146883568,1.118648652244488,1.1245547136518368,1.1249844481717348,1.1249995280298977,1.1084848884029275,1.1122895132346036,1.112494414878382,1.1124998354828692,0.7583345582922263,0.9676576559786199,0.9981644329231187,0.9999349326767337,1.0,1.0,1.0,1.0
1.1366504343515695,1.1374615035832738,1.1374987146883568,1.1374580262187628,1.1245547136518368,1.1249844481717348,1.1249995280298977,1.1249704825323585,1.1122895132346036,1.112494414878382,1.1124998354828692,1.1124806426068574,0.9676576559786199,0.9981644329231187,0.9999349326767337,0.9990034949123405,1.0,1.0,1.0,1.0
1.1374615035832738,1.1374987146883568,1.1374580262187628,1.1342247985888851,1.1249844481717348,1.1249995280298977,1.1249704825323585,1.1222648779342888,1.112494414878382,1.1124998354828692,1.1124806426068574,1.1102867083154266,0.9981644329231187,0.9999349326767337,0.9990034949123405,0.9567936523677112,1.0,1.0,1.0,1.0
1.1374987146883568,1.1374580262187628,1.1342247985888851,1.0,1.1249995280298977,1.1249704825323585,1.1222648779342888,1.0,1.1124998354828692,1.1124806426068574,1.1102867083154266,1.0,0.9999349326767337,0.9990034949123405,0.9567936523677112,0.0,1.0,1.0,1.0,1.0
0.0,0.0,1.0,1.0919018040942972,0.0,0.0,1.0,1.0887003465913137,0.0,0.0,1.0,1.085002002285947,0.0,0.0,0.0,0.25611660023868055,0.0,0.0,1.0,1.0
0.0,1.0,1.0919018040942972,1.1369047627949465,0.0,1.0,1.0887003465913137,1.128127834223141,0.0,1.0,1.085002002285947,1.118648652244488,0.0,0.0,0.25611660023868055,0.7021542857444452,0.0,1.0,1.0,1.0
1.0,1.0919018040942972,1.1369047627949465,1.1485127247574605,1.0,1.0887003465913137,1.128127834223141,1.1366504343515695,1.0,1.085002002285947,1.118648652244488,1.1245547136518368,0.0,0.25611660023868055,0.7021542857444452,0.9489832324712744,1.0,1.0,1.0,1.0
1.0919018040942972,1.1369047627949465,1.1485127247574605,1.1499140387639848,1.0887003465913137,1.128127834223141,1.1366504343515695,1.1374615035832738,1.085002002285947,1.118648652244488,1.1245547136518368,1.1249844481717348,0.25611660023868055,0.7021542857444452,0.9489832324712744,0.9962028144568791,1.0,1.0,1.0,1.0
1.1369047627949465,1.1485127247574605,1.1499140387639848,1.1499966996843258,1.128127834223141,1.1366504343515695,1.1374615035832738,1.1374987146883568,1.118648652244488,1.1245547136518368,1.1249844481717348,1.1249995280298977,0.7021542857444452,0.9489832324712744,0.9962028144568791,0.9998387996775193,1.0,1.0,1.0,1.0
1.1485127247574605,1.1499140387639848,1.1499966996843258,1.1499434874367611,1.1366504343515695,1.1374615035832738,1.1374987146883568,1.1374580262187628,1.1245547136518368,1.1249844481717348,1.1249995280298977,1.1249704825323585,0.9489832324712744,0.9962028144568791,0.9998387996775193,0.9988368974398654,1.0,1.0,1.0,1.0
1.1499140387639848,1.1499966996843258,1.1499434874367611,1.1461742383456945,1.1374615035832738,1.1374987146883568,1.1374580262187628,1.1342247985888851,1.1249844481717348,1.1249995280298977,1.1249704825323585,1.1222648779342888,0.9962028144568791,0.9998387996775193,0.9988368974398654,0.9559551805447519,1.0,1.0,1.0,1.0
1.1499966996843258,1.1499434874367611,1.1461742383456945,1.0,1.1374987146883568,1.1374580262187628,1.1342247985888851,1.0,1.1249995280298977,1.1249704825323585,1.1222648779342888,1.0,0.9998387996775193,0.9988368974398654,0.9559551805447519,0.0,1.0,1.0,1.0,1.0
0.0,0.0,1.0,1.09467707481552,0.0,0.0,1.0,1.0919018040942972,0.0,0.0,1.0,1.0887003465913137,0.0,0.0,0.0,0.22202165769781956,0.0,0.0,1.0,1.0
0.0,1.0,1.09467707481552,1.1449820775843658,0.0,1.0,1.0919018040942972,1.1369047627949465,0.0,1.0,1.0887003465913137,1.128127834223141,0.0,0.0,0.22202165769781956,0.6461851831535448,0.0,1.0,1.0,1.0
1.0,1.09467707481552,1.1449820775843658,1.1600760644779586,1.0,1.0919018040942972,1.1369047627949465,1.1485127247574605,1.0,1.0887003465913137,1.128127834223141,1.1366504343515695,0.0,0.22202165769781956,0.6461851831535448,0.9250671776398534,1.0,1.0,1.0,1.0
1.09467707481552,1.1449820775843658,1.1600760644779586,1.1623245794050168,1.0919018040942972,1.1369047627949465,1.1485127247574605,1.1499140387639848,1.0887003465913137,1.128127834223141,1.1366504343515695,1.1374615035832738,0.22202165769781956,0.6461851831535448,0.9250671776398534,0.992843251282558,1.0,1.0,1.0,1.0
1.1449820775843658,1.1600760644779586,1.1623245794050168,1.1624920602103481,1.1369047627949465,1.1485127247574605,1.1499140387639848,1.1499966996843258,1.128127834223141,1.1366504343515695,1.1374615035832738,1.1374987146883568,0.6461851831535448,0.9250671776398534,0.992843251282558,0.9996288420817834,1.0,1.0,1.0,1.0
1.1600760644779586,1.1623245794050168,1.1624920602103481,1.162427124500024,1.1485127247574605,1.1499140387639848,1.1499966996843258,1.1499434874367611,1.1366504343515695,1.1374615035832738,1.1374987146883568,1.1374580262187628,0.9250671776398534,0.992843251282558,0.9996288420817834,0.9986909650610265,1.0,1.0,1.0,1.0
1.1623245794050168,1.1624920602103481,1.162427124500024,1.1581196137997378,1.1499140387639848,1.1499966996843258,1.1499434874367611,1.1461742383456945,1.1374615035832738,1.1374987146883568,1.1374580262187628,1.1342247985888851,0.992843251282558,0.9996288420817834,0.9986909650610265,0.9556300363234627,1.0,1.0,1.0,1.0
1.1624920602103481,1.162427124500024,1.1581196137997378,1.0,1.1499966996843258,1.1499434874367611,1.1461742383456945,1.0,1.1374987146883568,1.1374580262187628,1.1342247985888851,1.0,0.9996288420817834,0.9986909650610265,0.9556300363234627,0.0,1.0,1.0,1.0,1.0
0.0,0.0,1.0,1.0970871311112256,0.0,0.0,1.0,1.09467707481552,0.0,0.0,1.0,1.0919018040942972,0.0,0.0,0.0,0.19280450365645407,0.0,0.0,1.0,1.0
0.0,1.0,1.0970871311112256,1.1523774661469677,0.0,1.0,1.09467707481552,1.1449820775843658,0.0,1.0,1.0919018040942972,1.1369047627949465,0.0,0.0,0.19280450365645407,0.591631085008153,0.0,1.0,1.0,1.0
1.0,1.0970871311112256,1.1523774661469677,1.1712779507582207,1.0,1.09467707481552,1.1449820775843658,1.1600760644779586,1.0,1.0919018040942972,1.1369047627949465,1.1485127247574605,0.0,0.19280450365645407,0.591631085008153,0.8961509024209668,1.0,1.0,1.0,1.0
1.0970871311112256,1.1523774661469677,1.1712779507582207,1.1746690297914255,1.09467707481552,1.1449820775843658,1.1600760644779586,1.1623245794050168,1.0919018040942972,1.1369047627949465,1.1485127247574605,1.1499140387639848,0.19280450365645407,0.591631085008153,0.8961509024209668,0.9875560309126996,1.0,1.0,1.0,1.0
1.1523774661469677,1.1712779507582207,1.1746690297914255,1.1749821513039174,1.1449820775843658,1.1600760644779586,1.1623245794050168,1.1624920602103481,1.1369047627949465,1.1485127247574605,1.1499140387639848,1.1499966996843258,0.591631085008153,0.8961509024209668,0.9875560309126996,0.9992072874855396,1.0,1.0,1.0,1.0
1.1712779507582207,1.1746690297914255,1.1749821513039174,1.174909160205606,1.1600760644779586,1.1623245794050168,1.1624920602103481,1.162427124500024,1.1485127247574605,1.1499140387639848,1.1499966996843258,1.1499434874367611,0.8961509024209668,0.9875560309126996,0.9992072874855396,0.9985628564465721,1.0,1.0,1.0,1.0
1.1746690297914255,1.1749821513039174,1.174909160205606,1.170066351570588,1.1623245794050168,1.1624920602103481,1.162427124500024,1.1581196137997378,1.1499140387639848,1.1499966996843258,1.1499434874367611,1.1461742383456945,0.9875560309126996,0.9992072874855396,0.9985628564465721,0.9557390216680162,1.0,1.0,1.0,1.0
1.1749821513039174,1.174909160205606,1.170066351570588,1.0,1.1624920602103481,1.162427124500024,1.1581196137997378,1.0,1.1499966996843258,1.1499434874367611,1.1461742383456945,1.0,0.9992072874855396,0.9985628564465721,0.9557390216680162,0.0,1.0,1.0,1.0,1.0
0.0,0.0,1.0,1.0991827732323465,0.0,0.0,1.0,1.0970871311112256,0.0,0.0,1.0,1.09467707481552,0.0,0.0,0.0,0.16765136968967198,0.0,0.0,1.0,1.0
0.0,1.0,1.0991827732323465,1.1591192471095362,0.0,1.0,1.0970871311112256,1.1523774661469677,0.0,1.0,1.09467707481552,1.1449820775843658,0.0,0.0,0.16765136968967198,0.53934247700548,0.0,1.0,1.0,1.0
1.0,1.0991827732323465,1.1591192471095362,1.1820624121742178,1.0,1.0970871311112256,1.1523774661469677,1.1712779507582207,1.0,1.09467707481552,1.1449820775843658,1.1600760644779586,0.0,0.16765136968967198,0.53934247700548,0.8627569132797674,1.0,1.0,1.0,1.0
1.0991827732323465,1.1591192471095362,1.1820624121742178,1.1869167120115998,1.0970871311112256,1.1523774661469677,1.1712779507582207,1.1746690297914255,1.09467707481552,1.1449820775843658,1.1600760644779586,1.1623245794050168,0.16765136968967198,0.53934247700548,0.8627569132797674,0.97981457761394,1.0,1.0,1.0,1.0
1.1591192471095362,1.1820624121742178,1.1869167120115998,1.1874624734721184,1.1523774661469677,1.1712779507582207,1.1746690297914255,1.1749821513039174,1.1449820775843658,1.1600760644779586,1.1623245794050168,1.1624920602103481,0.53934247700548,0.8627569132797674,0.97981457761394,0.9984257734560842,1.0,1.0,1.0,1.0
1.1820624121742178,1.1869167120115998,1.1874624734721184,1.1873896738700442,1.1712779507582207,1.1746690297914255,1.1749821513039174,1.174909160205606,1.1600760644779586,1.1623245794050168,1.1624920602103481,1.162427124500024,0.8627569132797674,0.97981457761394,0.9984257734560842,0.9984410931550514,1.0,1.0,1.0,1.0
1.1869167120115998,1.1874624734721184,1.1873896738700442,1.1820188912831693,1.1746690297914255,1.1749821513039174,1.174909160205606,1.170066351570588,1.1623245794050168,1.1624920602103481,1.162427124500024,1.1581196137997378,0.97981457761394,0.9984257734560842,0.9984410931550514,0.9562031770065005,1.0,1.0,1.0,1.0
1.1874624734721184,1.1873896738700442,1.1820188912831693,1.0,1.1749821513039174,1.174909160205606,1.170066351570588,1.0,1.1624920602103481,1.162427124500024,1.1581196137997378,1.0,0.9984257734560842,0.9984410931550514,0.9562031770065005,0.0,1.0,1.0,1.0,1.0
0.0,0.0,1.0,1.1010077500582511,0.0,0.0,1.0,1.0991827732323465,0.0,0.0,1.0,1.0970871311112256,0.0,0.0,0.0,0.1459981460723725,0.0,0.0,1.0,1.0
0.0,1.0,1.1010077500582511,1.165242738671392,0.0,1.0,1.0991827732323465,1.1591192471095362,0.0,1.0,1.0970871311112256,1.1523774661469677,0.0,0.0,0.1459981460723725,0.4898793249484612,0.0,1.0,1.0,1.0
1.0,1.1010077500582511,1.165242738671392,1.1923823378474574,1.0,1.0991827732323465,1.1591192471095362,1.1820624121742178,1.0,1.0970871311112256,1.1523774661469677,1.1712779507582207,0.0,0.1459981460723725,0.4898793249484612,0.8255940538591666,1.0,1.0,1.0,1.0
1.1010077500582511,1.165242738671392,1.1923823378474574,1.19903113168552,1.0991827732323465,1.1591192471095362,1.1820624121742178,1.1869167120115998,1.0970871311112256,1.1523774661469677,1.1712779507582207,1.1746690297914255,0.1459981460723725,0.4898793249484612,0.8255940538591666,0.9691535739136192,1.0,1.0,1.0,1.0
1.165242738671392,1.1923823378474574,1.19903113168552,1.19992596435864,1.1591192471095362,1.1820624121742178,1.1869167120115998,1.1874624734721184,1.1523774661469677,1.1712779507582207,1.1746690297914255,1.1749821513039174,0.4898793249484612,0.8255940538591666,0.9691535739136192,0.9970792709217235,1.0,1.0,1.0,1.0
1.1923823378474574,1.19903113168552,1.19992596435864,1.1998684466865985,1.1820624121742178,1.1869167120115998,1.1874624734721184,1.1873896738700442,1.1712779507582207,1.1746690297914255,1.1749821513039174,1.174909160205606,0.8255940538591666,0.9691535739136192,0.9970792709217235,0.9983018253243436,1.0,1.0,1.0,1.0
1.19903113168552,1.19992596435864,1.1998684466865985,1.1939809345650492,1.1869167120115998,1.1874624734721184,1.1873896738700442,1.1820188912831693,1.1746690297914255,1.1749821513039174,1.174909160205606,1.170066351570588,0.9691535739136192,0.9970792709217235,0.9983018253243436,0.9569634625503909,1.0,1.0,1.0,1.0
1.19992596435864,1.1998684466865985,1.1939809345650492,1.0,1.1874624734721184,1.1873896738700442,1.1820188912831693,1.0,1.1749821513039174,1.174909160205606,1.170066351570588,1.0,0.9970792709217235,0.9983018253243436,0.9569634625503909,0.0,1.0,1.0,1.0,1.0
0.0,0.0,1.0,1.102598988296481,0.0,0.0,1.0,1.1010077500582511,0.0,0.0,1.0,1.0991827732323465,0.0,0.0,0.0,0.12729905905839445,0.0,0.0,1.0,1.0
0.0,1.0,1.102598988296481,1.170787421832942,0.0,1.0,1.1010077500582511,1.165242738671392,0.0,1.0,1.0991827732323465,1.1591192471095362,0.0,0.0,0.12729905905839445,0.4435746529239992,0.0,1.0,1.0,1.0
1.0,1.102598988296481,1.170787421832942,1.202200717401791,1.0,1.1010077500582511,1.165242738671392,1.1923823378474574,1.0,1.0991827732323465,1.1591192471095362,1.1820624121742178,0.0,0.12729905905839445,0.4435746529239992,0.7854703643466898,1.0,1.0,1.0,1.0
1.102598988296481,1.170787421832942,1.202200717401791,1.2109713265976614,1.1010077500582511,1.165242738671392,1.1923823378474574,1.19903113168552,1.0991827732323465,1.1591192471095362,1.1820624121742178,1.1869167120115998,0.12729905905839445,0.4435746529239992,0.7854703643466898,0.9552155929713102,1.0,1.0,1.0,1.0
1.170787421832942,1.202200717401791,1.2109713265976614,1.2123623087780182,1.165242738671392,1.1923823378474574,1.19903113168552,1.19992596435864,1.1591192471095362,1.1820624121742178,1.1869167120115998,1.1874624734721184,0.4435746529239992,0.7854703643466898,0.9552155929713102,0.9949075535502594,1.0,1.0,1.0,1.0
1.202200717401791,1.2109713265976614,1.2123623087780182,1.2123447438374695,1.1923823378474574,1.19903113168552,1.19992596435864,1.1998684466865985,1.1820624121742178,1.1869167120115998,1.1874624734721184,1.1873896738700442,0.7854703643466898,0.9552155929713102,0.9949075535502594,0.9981037720696762,1.0,1.0,1.0,1.0
1.2109713265976614,1.2123623087780182,1.2123447438374695,1.2059554722078645,1.19903113168552,1.19992596435864,1.1998684466865985,1.1939809345650492,1.1869167120115998,1.1874624734721184,1.1873896738700442,1.1820188912831693,0.9552155929713102,0.9949075535502594,0.9981037720696762,0.9579630114252247,1.0,1.0,1.0,1.0
1.2123623087780182,1.2123447438374695,1.2059554722078645,1.0,1.19992596435864,1.1998684466865985,1.1939809345650492,1.0,1.1874624734721184,1.1873896738700442,1.1820188912831693,1.0,0.9949075535502594,0.9981037720696762,0.9579630114252247,0.0,1.0,1.0,1.0,1.0
0.0,0.0,1.0,1.1039881123583741,0.0,0.0,1.0,1.102598988296481,0.0,0.0,1.0,1.1010077500582511,0.0,0.0,0.0,0.11112992495144525,0.0,0.0,1.0,1.0
0.0,1.0,1.1039881123583741,1.175794799348564,0.0,1.0,1.102598988296481,1.170787421832942,0.0,1.0,1.1010077500582511,1.165242738671392,0.0,0.0,0.11112992495144525,0.4005902012497664,0.0,1.0,1.0,1.0
1.0,1.1039881123583741,1.175794799348564,1.211490989925337,1.0,1.102598988296481,1.170787421832942,1.202200717401791,1.0,1.1010077500582511,1.165242738671392,1.1923823378474574,0.0,0.11112992495144525,0.4005902012497664,0.7432218018836778,1.0,1.0,1.0,1.0
1.1039881123583741,1.175794799348564,1.211490989925337,1.2226935876387117,1.102598988296481,1.170787421832942,1.202200717401791,1.2109713265976614,1.1010077500582511,1.165242738671392,1.1923823378474574,1.19903113168552,0.11112992495144525,0.4005902012497664,0.7432218018836778,0.9377808832840273,1.0,1.0,1.0,1.0
1.175794799348564,1.211490989925337,1.2226935876387117,1.2247573722313816,1.170787421832942,1.202200717401791,1.2109713265976614,1.2123623087780182,1.165242738671392,1.1923823378474574,1.19903113168552,1.19992596435864,0.4005902012497664,0.7432218018836778,0.9377808832840273,0.9916050762690709,1.0,1.0,1.0,1.0
1.211490989925337,1.2226935876387117,1.2247573722313816,1.2248170234276048,1.202200717401791,1.2109713265976614,1.2123623087780182,1.2123447438374695,1.1923823378474574,1.19903113168552,1.19992596435864,1.1998684466865985,0.7432218018836778,0.9377808832840273,0.9916050762690709,0.9977823672108244,1.0,1.0,1.0,1.0
1.2226935876387117,1.2247573722313816,1.2248170234276048,1.2179448802814659,1.2109713265976614,1.2123623087780182,1.2123447438374695,1.2059554722078645,1.19903113168552,1.19992596435864,1.1998684466865985,1.1939809345650492,0.9377808832840273,0.9916050762690709,0.9977823672108244,0.9591526458881106,1.0,1.0,1.0,1.0
1.2247573722313816,1.2248170234276048,1.2179448802814659,1.0,1.2123623087780182,1.2123447438374695,1.2059554722078645,1.0,1.19992596435864,1.1998684466865985,1.1939809345650492,1.0,0.9916050762690709,0.9977823672108244,0.9591526458881106,0.0,1.0,1.0,1.0,1.0
0.0,0.0,1.0,1.1052021902727087,0.0,0.0,1.0,1.1039881123583741,0.0,0.0,1.0,1.102598988296481,0.0,0.0,0.0,0.09712623314676705,0.0,0.0,1.0,1.0
0.0,1.0,1.1052021902727087,1.180306802755944,0.0,1.0,1.1039881123583741,1.175794799348564,0.0,1.0,1.102598988296481,1.170787421832942,0.0,0.0,0.09712623314676705,0.3609602725904004,0.0,1.0,1.0,1.0
1.0,1.1052021902727087,1.180306802755944,1.2202367241559133,1.0,1.1039881123583741,1.175794799348564,1.211490989925337,1.0,1.102598988296481,1.170787421832942,1.202200717401791,0.0,0.09712623314676705,0.3609602725904004,0.6996587384461073,1.0,1.0,1.0,1.0
1.1052021902727087,1.180306802755944,1.2202367241559133,1.234153333743141,1.1039881123583741,1.175794799348564,1.211490989925337,1.2226935876387117,1.102598988296481,1.170787421832942,1.202200717401791,1.2109713265976614,0.09712623314676705,0.3609602725904004,0.6996587384461073,0.9167796883543389,1.0,1.0,1.0,1.0
1.180306802755944,1.2202367241559133,1.234153333743141,1.2370928497185545,1.175794799348564,1.211490989925337,1.2226935876387117,1.2247573722313816,1.170787421832942,1.202200717401791,1.2109713265976614,1.2123623087780182,0.3609602725904004,0.6996587384461073,0.9167796883543389,0.9868381989738317,1.0,1.0,1.0,1.0
1.2202367241559133,1.234153333743141,1.2370928497185545,1.237282574095785,1.211490989925337,1.2226935876387117,1.2247573722313816,1.2248170234276048,1.202200717401791,1.2109713265976614,1.2123623087780182,1.2123447438374695,0.6996587384461073,0.9167796883543389,0.9868381989738317,0.9972440534544091,1.0,1.0,1.0,1.0
1.234153333743141,1.2370928497185545,1.237282574095785,1.22995093792329,1.2226935876387117,1.2247573722313816,1.2248170234276048,1.2179448802814659,1.2109713265976614,1.2123623087780182,1.2123447438374695,1.2059554722078645,0.9167796883543389,0.9868381989738317,0.9972440534544091,0.9604846113459331,1.0,1.0,1.0,1.0
1.2370928497185545,1.237282574095785,1.22995093792329,1.0,1.2247573722313816,1.2248170234276048,1.2179448802814659,1.0,1.2123623087780182,1.2123447438374695,1.2059554722078645,1.0,0.9868381989738317,0.9972440534544091,0.9604846113459331,0.0,1.0,1.0,1.0,1.0
0.0,0.0,1.0,1.1062643361595406,0.0,0.0,1.0,1.1052021902727087,0.0,0.0,1.0,1.1039881123583741,0.0,0.0,0.0,0.08497167094654756,0.0,0.0,1.0,1.0
0.0,1.0,1.1062643361595406,1.184364659520513,0.0,1.0,1.1052021902727087,1.180306802755944,0.0,1.0,1.1039881123583741,1.175794799348564,0.0,0.0,0.08497167094654756,0.32462854116552364,0.0,1.0,1.0,1.0
1.0,1.1062643361595406,1.184364659520513,1.2284308370317985,1.0,1.1052021902727087,1.180306802755944,1.2202367241559133,1.0,1.1039881123583741,1.175794799348564,1.211490989925337,0.0,0.08497167094654756,0.32462854116552364,0.6555290300708094,1.0,1.0,1.0,1.0
1.1062643361595406,1.184364659520513,1.2284308370317985,1.2453069502950127,1.1052021902727087,1.180306802755944,1.2202367241559133,1.234153333743141,1.1039881123583741,1.175794799348564,1.211490989925337,1.2226935876387117,0.08497167094654756,0.32462854116552364,0.6555290300708094,0.8922893241497398,1.0,1.0,1.0,1.0
1.184364659520513,1.2284308370317985,1.2453069502950127,1.2493461911439525,1.180306802755944,1.2202367241559133,1.234153333743141,1.2370928497185545,1.175794799348564,1.211490989925337,1.2226935876387117,1.2247573722313816,0.32462854116552364,0.6555290300708094,0.8922893241497398,0.9802673140318419,1.0,1.0,1.0,1.0
1.2284308370317985,1.2453069502950127,1.2493461911439525,1.2497370980277913,1.2202367241559133,1.234153333743141,1.2370928497185545,1.237282574095785,1.211490989925337,1.2226935876387117,1.2247573722313816,1.2248170234276048,0.6555290300708094,0.8922893241497398,0.9802673140318419,0.9963619145605129,1.0,1.0,1.0,1.0
1.2453069502950127,1.2493461911439525,1.2497370980277913,1.241974797000478,1.234153333743141,1.2370928497185545,1.237282574095785,1.22995093792329,1.2226935876387117,1.2247573722313816,1.2248170234276048,1.2179448802814659,0.8922893241497398,0.9802673140318419,0.9963619145605129,0.9619087261750359,1.0,1.0,1.0,1.0
1.2493461911439525,1.2497370980277913,1.241974797000478,1.0,1.2370928497185545,1.237282574095785,1.22995093792329,1.0,1.2247573722313816,1.2248170234276048,1.2179448802814659,1.0,0.9802673140318419,0.9963619145605129,0.9619087261750359,0.0,1.0,1.0,1.0,1.0
0.0,0.0,1.0,1.1071945251745912,0.0,0.0,1.0,1.1062643361595406,0.0,0.0,1.0,1.1052021902727087,0.0,0.0,0.0,0.07441512120404781,0.0,0.0,1.0,1.0
0.0,1.0,1.1071945251745912,1.1880081074964468,0.0,1.0,1.1062643361595406,1.184364659520513,0.0,1.0,1.1052021902727087,1.180306802755944,0.0,0.0,0.07441512120404781,0.29147583807469957,0.0,1.0,1.0,1.0
1.0,1.1071945251745912,1.1880081074964468,1.236074528136341,1.0,1.1062643361595406,1.184364659520513,1.2284308370317985,1.0,1.1052021902727087,1.180306802755944,1.2202367241559133,0.0,0.07441512120404781,0.29147583807469957,0.6114952883634039,1.0,1.0,1.0,1.0
1.1071945251745912,1.1880081074964468,1.236074528136341,1.2561134452539,1.1062643361595406,1.184364659520513,1.2284308370317985,1.2453069502950127,1.1052021902727087,1.180306802755944,1.2202367241559133,1.234153333743141,0.07441512120404781,0.29147583807469957,0.6114952883634039,0.8645195967109842,1.0,1.0,1.0,1.0
1.1880081074964468,1.236074528136341,1.2561134452539,1.2614908268785006,1.184364659520513,1.2284308370317985,1.2453069502950127,1.2493461911439525,1.180306802755944,1.2202367241559133,1.234153333743141,1.2370928497185545,0.29147583807469957,0.6114952883634039,0.8645195967109842,0.9715708587638439,1.0,1.0,1.0,1.0
1.236074528136341,1.2561134452539,1.2614908268785006,1.2621742698620835,1.2284308370317985,1.2453069502950127,1.2493461911439525,1.2497370980277913,1.2202367241559133,1.234153333743141,1.2370928497185545,1.237282574095785,0.6114952883634039,0.8645195967109842,0.9715708587638439,0.9949737467433728,1.0,1.0,1.0,1.0
1.2561134452539,1.2614908268785006,1.2621742698620835,1.2540169261850251,1.2453069502950127,1.2493461911439525,1.2497370980277913,1.241974797000478,1.234153333743141,1.2370928497185545,1.237282574095785,1.22995093792329,0.8645195967109842,0.9715708587638439,0.9949737467433728,0.9633703347637734,1.0,1.0,1.0,1.0
1.2614908268785006,1.2621742698620835,1.2540169261850251,1.0,1.2493461911439525,1.2497370980277913,1.241974797000478,1.0,1.2370928497185545,1.237282574095785,1.22995093792329,1.0,0.9715708587638439,0.9949737467433728,0.9633703347637734,0.0,1.0,1.0,1.0,1.0
0.0,0.0,1.0,1.1080098368666704,0.0,0.0,1.0,1.1071945251745912,0.0,0.0,1.0,1.1062643361595406,0.0,0.0,0.0,0.06522493536634144,0.0,0.0,1.0,1.0
0.0,1.0,1.1080098368666704,1.1912748795369614,0.0,1.0,1.1071945251745912,1.1880081074964468,0.0,1.0,1.1062643361595406,1.184364659520513,0.0,0.0,0.06522493536634144,0.26134176324116964,0.0,1.0,1.0,1.0
1.0,1.1080098368666704,1.1912748795369614,1.243176070992422,1.0,1.1071945251745912,1.1880081074964468,1.236074528136341,1.0,1.1062643361595406,1.184364659520513,1.2284308370317985,0.0,0.06522493536634144,0.26134176324116964,0.56812342848648,1.0,1.0,1.0,1.0
1.1080098368666704,1.1912748795369614,1.243176070992422,1.2665358261623654,1.1071945251745912,1.1880081074964468,1.236074528136341,1.2561134452539,1.1062643361595406,1.184364659520513,1.2284308370317985,1.2453069502950127,0.06522493536634144,0.26134176324116964,0.56812342848648,0.8337904726772294,1.0,1.0,1.0,1.0
1.1912748795369614,1.243176070992422,1.2665358261623654,1.2734966806470243,1.1880081074964468,1.236074528136341,1.2561134452539,1.2614908268785006,1.184364659520513,1.2284308370317985,1.2453069502950127,1.2493461911439525,0.26134176324116964,0.56812342848648,0.8337904726772294,0.960468301481896,1.0,1.0,1.0,1.0
1.243176070992422,1.2665358261623654,1.2734966806470243,1.2745853121620054,1.236074528136341,1.2561134452539,1.2614908268785006,1.2621742698620835,1.2284308370317985,1.2453069502950127,1.2493461911439525,1.2497370980277913,0.56812342848648,0.8337904726772294,0.960468301481896,0.9928833839937568,1.0,1.0,1.0,1.0
1.2665358261623654,1.2734966806470243,1.2745853121620054,1.2660769652455723,1.2561134452539,1.2614908268785006,1.2621742698620835,1.2540169261850251,1.2453069502950127,1.2493461911439525,1.2497370980277913,1.241974797000478,0.8337904726772294,0.960468301481896,0.9928833839937568,0.9648031248437761,1.0,1.0,1.0,1.0
1.2734966806470243,1.2745853121620054,1.2660769652455723,1.0,1.2614908268785006,1.2621742698620835,1.2540169261850251,1.0,1.2493461911439525,1.2497370980277913,1.241974797000478,1.0,0.960468301481896,0.9928833839937568,0.9648031248437761,0.0,1.0,1.0,1.0,1.0
0.0,0.0,1.0,1.1087251038335815,0.0,0.0,1.0,1.1080098368666704,0.0,0.0,1.0,1.1071945251745912,0.0,0.0,0.0,0.05722135735288347,0.0,0.0,1.0,1.0
0.0,1.0,1.1087251038335815,1.1942003929344236,0.0,1.0,1.1080098368666704,1.1912748795369614,0.0,1.0,1.1071945251745912,1.1880081074964468,0.0,0.0,0.05722135735288347,0.2340410717969732,0.0,1.0,1.0,1.0
1.0,1.1087251038335815,1.1942003929344236,1.2497495670628782,1.0,1.1080098368666704,1.1912748795369614,1.243176070992422,1.0,1.1071945251745912,1.1880081074964468,1.236074528136341,0.0,0.05722135735288347,0.2340410717969732,0.5258796856364967,1.0,1.0,1.0,1.0
1.1087251038335815,1.1942003929344236,1.2497495670628782,1.2765421464593698,1.1080098368666704,1.1912748795369614,1.243176070992422,1.2665358261623654,1.1071945251745912,1.1880081074964468,1.236074528136341,1.2561134452539,0.05722135735288347,0.2340410717969732,0.5258796856364967,0.8005056237603547,1.0,1.0,1.0,1.0
1.1942003929344236,1.2497495670628782,1.2765421464593698,1.2853309273185347,1.1912748795369614,1.243176070992422,1.2665358261623654,1.2734966806470243,1.1880081074964468,1.236074528136341,1.2561134452539,1.2614908268785006,0.2340410717969732,0.5258796856364967,0.8005056237603547,0.9467397337208361,1.0,1.0,1.0,1.0
1.2497495670628782,1.2765421464593698,1.2853309273185347,1.2869586323842852,1.243176070992422,1.2665358261623654,1.2734966806470243,1.2745853121620054,1.236074528136341,1.2561134452539,1.2614908268785006,1.2621742698620835,0.5258796856364967,0.8005056237603547,0.9467397337208361,0.9898656177823817,1.0,1.0,1.0,1.0
1.2765421464593698,1.2853309273185347,1.2869586323842852,1.2781535582881558,1.2665358261623654,1.2734966806470243,1.2745853121620054,1.2660769652455723,1.2561134452539,1.2614908268785006,1.2621742698620835,1.2540169261850251,0.8005056237603547,0.9467397337208361,0.9898656177823817,0.9661274434066769,1.0,1.0,1.0,1.0
1.2853309273185347,1.2869586323842852,1.2781535582881558,1.0,1.2734966806470243,1.2745853121620054,1.2660769652455723,1.0,1.2614908268785006,1.2621742698620835,1.2540169261850251,1.0,0.9467397337208361,0.9898656177823817,0.9661274434066769,0.0,1.0,1.0,1.0,1.0
0.0,0.0,1.0,1.1093530652472638,0.0,0.0,1.0,1.1087251038335815,0.0,0.0,1.0,1.1080098368666704,0.0,0.0,0.0,0.05023691309459011,0.0,0.0,1.0,1.0
0.0,1.0,1.1093530652472638,1.1968175876245148,0.0,1.0,1.1087251038335815,1.1942003929344236,0.0,1.0,1.1080098368666704,1.1912748795369614,0.0,0.0,0.05023691309459011,0.2093755752073001,0.0,1.0,1.0,1.0
1.0,1.1093530652472638,1.1968175876245148,1.2558137375771008,1.0,1.1087251038335815,1.1942003929344236,1.2497495670628782,1.0,1.1080098368666704,1.1912748795369614,1.243176070992422,0.0,0.05023691309459011,0.2093755752073001,0.4851336411378071,1.0,1.0,1.0,1.0
1.1093530652472638,1.1968175876245148,1.2558137375771008,1.286106207324511,1.1087251038335815,1.1942003929344236,1.2497495670628782,1.2765421464593698,1.1080098368666704,1.1912748795369614,1.243176070992422,1.2665358261623654,0.05023691309459011,0.2093755752073001,0.4851336411378071,0.7651248692113022,1.0,1.0,1.0,1.0
1.1968175876245148,1.2558137375771008,1.286106207324511,1.2969589329352356,1.1942003929344236,1.2497495670628782,1.2765421464593698,1.2853309273185347,1.1912748795369614,1.243176070992422,1.2665358261623654,1.2734966806470243,0.2093755752073001,0.4851336411378071,0.7651248692113022,0.9302404493360683,1.0,1.0,1.0,1.0
1.2558137375771008,1.286106207324511,1.2969589329352356,1.2992795641755879,1.2497495670628782,1.2765421464593698,1.2853309273185347,1.2869586323842852,1.243176070992422,1.2665358261623654,1.2734966806470243,1.2745853121620054,0.4851336411378071,0.7651248692113022,0.9302404493360683,0.9856745433042136,1.0,1.0,1.0,1.0
1.286106207324511,1.2969589329352356,1.2992795641755879,1.2902441073073907,1.2765421464593698,1.2853309273185347,1.2869586323842852,1.2781535582881558,1.2665358261623654,1.2734966806470243,1.2745853121620054,1.2660769652455723,0.7651248692113022,0.9302404493360683,0.9856745433042136,0.9672439215387918,1.0,1.0,1.0,1.0
1.2969589329352356,1.2992795641755879,1.2902441073073907,1.0,1.2853309273185347,1.2869586323842852,1.2781535582881558,1.0,1.2734966806470243,1.2745853121620054,1.2660769652455723,1.0,0.9302404493360683,0.9856745433042136,0.9672439215387918,0.0,1.0,1.0,1.0,1.0
0.0,0.0,1.0,1.1099048025835867,0.0,0.0,1.0,1.1093530652472638,0.0,0.0,1.0,1.1087251038335815,0.0,0.0,0.0,0.0441389869058284,0.0,0.0,1.0,1.0
0.0,1.0,1.1099048025835867,1.199156875532403,0.0,1.0,1.1093530652472638,1.1968175876245148,0.0,1.0,1.1087251038335815,1.1942003929344236,0.0,0.0,0.0441389869058284,0.18714303263104526,0.0,1.0,1.0,1.0
1.0,1.1099048025835867,1.199156875532403,1.2613908025037464,1.0,1.1093530652472638,1.1968175876245148,1.2558137375771008,1.0,1.1087251038335815,1.1942003929344236,1.2497495670628782,0.0,0.0441389869058284,0.18714303263104526,0.4461651941316447,1.0,1.0,1.0,1.0
1.1099048025835867,1.199156875532403,1.2613908025037464,1.2952079301627304,1.1093530652472638,1.1968175876245148,1.2558137375771008,1.286106207324511,1.1087251038335815,1.1942003929344236,1.2497495670628782,1.2765421464593698,0.0441389869058284,0.18714303263104526,0.4461651941316447,0.7281378270575445,1.0,1.0,1.0,1.0
1.199156875532403,1.2613908025037464,1.2952079301627304,1.3083453038347785,1.1968175876245148,1.2558137375771008,1.286106207324511,1.2969589329352356,1.1942003929344236,1.2497495670628782,1.2765421464593698,1.2853309273185347,0.18714303263104526,0.4461651941316447,0.7281378270575445,0.910909671963438,1.0,1.0,1.0,1.0
1.2613908025037464,1.2952079301627304,1.3083453038347785,1.3115302481613222,1.2558137375771008,1.286106207324511,1.2969589329352356,1.2992795641755879,1.2497495670628782,1.2765421464593698,1.2853309273185347,1.2869586323842852,0.4461651941316447,0.7281378270575445,0.910909671963438,0.9800547188587494,1.0,1.0,1.0,1.0
1.2952079301627304,1.3083453038347785,1.3115302481613222,1.3023445104547702,1.286106207324511,1.2969589329352356,1.2992795641755879,1.2902441073073907,1.2765421464593698,1.2853309273185347,1.2869586323842852,1.2781535582881558,0.7281378270575445,0.910909671963438,0.9800547188587494,0.9680322517903583,1.0,1.0,1.0,1.0
1.3083453038347785,1.3115302481613222,1.3023445104547702,1.0,1.2969589329352356,1.2992795641755879,1.2902441073073907,1.0,1.2853309273185347,1.2869586323842852,1.2781535582881558,1.0,0.910909671963438,0.9800547188587494,0.9680322517903583,0.0,1.0,1.0,1.0,1.0
0.0,0.0,1.0,1.1103898896881639,0.0,0.0,1.0,1.1099048025835867,0.0,0.0,1.0,1.1093530652472638,0.0,0.0,0.0,0.03880696836617403,0.0,0.0,1.0,1.0
0.0,1.0,1.1103898896881639,1.2012461666795207,0.0,1.0,1.1099048025835867,1.199156875532403,0.0,1.0,1.1093530652472638,1.1968175876245148,0.0,0.0,0.03880696836617403,0.16714329176942044,0.0,1.0,1.0,1.0
1.0,1.1103898896881639,1.2012461666795207,1.2665054758341996,1.0,1.1099048025835867,1.199156875532403,1.2613908025037464,1.0,1.1093530652472638,1.1968175876245148,1.2558137375771008,0.0,0.03880696836617403,0.16714329176942044,0.40917386643625875,1.0,1.0,1.0,1.0
1.1103898896881639,1.2012461666795207,1.2665054758341996,1.3038334348234666,1.1099048025835867,1.199156875532403,1.2613908025037464,1.2952079301627304,1.1093530652472638,1.1968175876245148,1.2558137375771008,1.286106207324511,0.03880696836617403,0.16714329176942044,0.40917386643625875,0.6900403728588955,1.0,1.0,1.0,1.0
1.2012461666795207,1.2665054758341996,1.3038334348234666,1.3194549700500469,1.199156875532403,1.2613908025037464,1.2952079301627304,1.3083453038347785,1.1968175876245148,1.2558137375771008,1.286106207324511,1.2969589329352356,0.16714329176942044,0.40917386643625875,0.6900403728588955,0.8887732972214657,1.0,1.0,1.0,1.0
1.2665054758341996,1.3038334348234666,1.3194549700500469,1.323689675573003,1.2613908025037464,1.2952079301627304,1.3083453038347785,1.3115302481613222,1.2558137375771008,1.286106207324511,1.2969589329352356,1.2992795641755879,0.40917386643625875,0.6900403728588955,0.8887732972214657,0.9727541929344596,1.0,1.0,1.0,1.0
1.3038334348234666,1.3194549700500469,1.323689675573003,1.314448864471821,1.2952079301627304,1.3083453038347785,1.3115302481613222,1.3023445104547702,1.286106207324511,1.2969589329352356,1.2992795641755879,1.2902441073073907,0.6900403728588955,0.8887732972214657,0.9727541929344596,0.968348321364072,1.0,1.0,1.0,1.0
1.3194549700500469,1.323689675573003,1.314448864471821,1.0,1.3083453038347785,1.3115302481613222,1.3023445104547702,1.0,1.2969589329352356,1.2992795641755879,1.2902441073073907,1.0,0.8887732972214657,0.9727541929344596,0.968348321364072,0.0,1.0,1.0,1.0,1.0
0.0,0.0,1.0,1.110816655521811,0.0,0.0,1.0,1.1103898896881639,0.0,0.0,1.0,1.1099048025835867,0.0,0.0,0.0,0.034141266691776195,0.0,0.0,1.0,1.0
0.0,1.0,1.110816655521811,1.203110949295929,0.0,1.0,1.1103898896881639,1.2012461666795207,0.0,1.0,1.1099048025835867,1.199156875532403,0.0,0.0,0.034141266691776195,0.14918260931267469,0.0,1.0,1.0,1.0
1.0,1.110816655521811,1.203110949295929,1.2711840910535153,1.0,1.1103898896881639,1.2012461666795207,1.2665054758341996,1.0,1.1099048025835867,1.199156875532403,1.2613908025037464,0.0,0.034141266691776195,0.14918260931267469,0.3742892175452539,1.0,1.0,1.0,1.0
1.110816655521811,1.203110949295929,1.2711840910535153,1.311974870638885,1.1103898896881639,1.2012461666795207,1.2665054758341996,1.3038334348234666,1.1099048025835867,1.199156875532403,1.2613908025037464,1.2952079301627304,0.034141266691776195,0.14918260931267469,0.3742892175452539,0.6513148652334699,1.0,1.0,1.0,1.0
1.203110949295929,1.2711840910535153,1.311974870638885,1.330254233630411,1.2012461666795207,1.2665054758341996,1.3038334348234666,1.3194549700500469,1.199156875532403,1.2613908025037464,1.2952079301627304,1.3083453038347785,0.14918260931267469,0.3742892175452539,0.6513148652334699,0.8639410864291364,1.0,1.0,1.0,1.0
1.2711840910535153,1.311974870638885,1.330254233630411,1.3357339040375615,1.2665054758341996,1.3038334348234666,1.3194549700500469,1.323689675573003,1.2613908025037464,1.2952079301627304,1.3083453038347785,1.3115302481613222,0.3742892175452539,0.6513148652334699,0.8639410864291364,0.9635382771646839,1.0,1.0,1.0,1.0
1.311974870638885,1.330254233630411,1.3357339040375615,1.3265491798932603,1.3038334348234666,1.3194549700500469,1.323689675573003,1.314448864471821,1.2952079301627304,1.3083453038347785,1.3115302481613222,1.3023445104547702,0.6513148652334699,0.8639410864291364,0.9635382771646839,0.9680252337151352,1.0,1.0,1.0,1.0
1.330254233630411,1.3357339040375615,1.3265491798932603,1.0,1.3194549700500469,1.323689675573003,1.314448864471821,1.0,1.3083453038347785,1.3115302481613222,1.3023445104547702,1.0,0.8639410864291364,0.9635382771646839,0.9680252337151352,0.0,1.0,1.0,1.0,1.0
0.0,0.0,1.0,1.1111923383780031,0.0,0.0,1.0,1.110816655521811,0.0,0.0,1.0,1.1103898896881639,0.0,0.0,0.0,0.030054628495364,0.0,0.0,1.0,1.0
0.0,1.0,1.1111923383780031,1.2047744051323188,0.0,1.0,1.110816655521811,1.203110949295929,0.0,1.0,1.1103898896881639,1.2012461666795207,0.0,0.0,0.030054628495364,0.13307646691117725,0.0,1.0,1.0,1.0
1.0,1.1111923383780031,1.2047744051323188,1.2754538596404934,1.0,1.110816655521811,1.203110949295929,1.2711840910535153,1.0,1.1103898896881639,1.2012461666795207,1.2665054758341996,0.0,0.030054628495364,0.13307646691117725,0.3415814869582512,1.0,1.0,1.0,1.0
1.1111923383780031,1.2047744051323188,1.2754538596404934,1.3196300526924647,1.110816655521811,1.203110949295929,1.2711840910535153,1.311974870638885,1.1103898896881639,1.2012461666795207,1.2665054758341996,1.3038334348234666,0.030054628495364,0.13307646691117725,0.3415814869582512,0.6124145642863787,1.0,1.0,1.0,1.0
1.2047744051323188,1.2754538596404934,1.3196300526924647,1.340711723134874,1.203110949295929,1.2711840910535153,1.311974870638885,1.330254233630411,1.2012461666795207,1.2665054758341996,1.3038334348234666,1.3194549700500469,0.13307646691117725,0.3415814869582512,0.6124145642863787,0.8365991603570322,1.0,1.0,1.0,1.0
1.2754538596404934,1.3196300526924647,1.340711723134874,1.3476364403896792,1.2711840910535153,1.311974870638885,1.330254233630411,1.3357339040375615,1.2665054758341996,1.3038334348234666,1.3194549700500469,1.323689675573003,0.3415814869582512,0.6124145642863787,0.8365991603570322,0.952202908169415,1.0,1.0,1.0,1.0
1.3196300526924647,1.340711723134874,1.3476364403896792,1.3386351210621081,1.311974870638885,1.330254233630411,1.3357339040375615,1.3265491798932603,1.3038334348234666,1.3194549700500469,1.323689675573003,1.314448864471821,0.6124145642863787,0.8365991603570322,0.952202908169415,0.9668752935078295,1.0,1.0,1.0,1.0
1.340711723134874,1.3476364403896792,1.3386351210621081,1.0,1.330254233630411,1.3357339040375615,1.3265491798932603,1.0,1.3194549700500469,1.323689675573003,1.314448864471821,1.0,0.8365991603570322,0.952202908169415,0.9668752935078295,0.0,1.0,1.0,1.0,1.0
0.0,0.0,1.0,1.1115232345804162,0.0,0.0,1.0,1.1111923383780031,0.0,0.0,1.0,1.110816655521811,0.0,0.0,0.0,0.0264716961930489,0.0,0.0,1.0,1.0
0.0,1.0,1.1115232345804162,1.2062575462487806,0.0,1.0,1.1111923383780031,1.2047744051323188,0.0,1.0,1.110816655521811,1.203110949295929,0.0,0.0,0.0264716961930489,0.11865128931694002,0.0,1.0,1.0,1.0
1.0,1.1115232345804162,1.2062575462487806,1.279342257941114,1.0,1.1111923383780031,1.2047744051323188,1.2754538596404934,1.0,1.110816655521811,1.203110949295929,1.2711840910535153,0.0,0.0264716961930489,0.11865128931694002,0.31107186404964793,1.0,1.0,1.0,1.0
1.1115232345804162,1.2062575462487806,1.279342257941114,1.3268019558879995,1.1111923383780031,1.2047744051323188,1.2754538596404934,1.3196300526924647,1.110816655521811,1.203110949295929,1.2711840910535153,1.311974870638885,0.0264716961930489,0.11865128931694002,0.31107186404964793,0.5737522556427876,1.0,1.0,1.0,1.0
1.2062575462487806,1.279342257941114,1.3268019558879995,1.3507992092992656,1.2047744051323188,1.2754538596404934,1.3196300526924647,1.340711723134874,1.203110949295929,1.2711840910535153,1.311974870638885,1.330254233630411,0.11865128931694002,0.31107186404964793,0.5737522556427876,0.8069988931513272,1.0,1.0,1.0,1.0
1.279342257941114,1.3268019558879995,1.3507992092992656,1.359368772082653,1.2754538596404934,1.3196300526924647,1.340711723134874,1.3476364403896792,1.2711840910535153,1.311974870638885,1.330254233630411,1.3357339040375615,0.31107186404964793,0.5737522556427876,0.8069988931513272,0.9385865354379064,1.0,1.0,1.0,1.0
1.3268019558879995,1.3507992092992656,1.359368772082653,1.3506938030822393,1.3196300526924647,1.340711723134874,1.3476364403896792,1.3386351210621081,1.311974870638885,1.330254233630411,1.3357339040375615,1.3265491798932603,0.5737522556427876,0.8069988931513272,0.9385865354379064,0.9646945616104929,1.0,1.0,1.0,1.0
1.3507992092992656,1.359368772082653,1.3506938030822393,1.0,1.340711723134874,1.3476364403896792,1.3386351210621081,1.0,1.330254233630411,1.3357339040375615,1.3265491798932603,1.0,0.8069988931513272,0.9385865354379064,0.9646945616104929,0.0,1.0,1.0,1.0,1.0
0.0,0.0,1.0,1.1118148431002166,0.0,0.0,1.0,1.1115232345804162,0.0,0.0,1.0,1.1111923383780031,0.0,0.0,0.0,0.023328681584029454,0.0,0.0,1.0,1.0
0.0,1.0,1.1118148431002166,1.2075793636625303,0.0,1.0,1.1115232345804162,1.2062575462487806,0.0,1.0,1.1111923383780031,1.2047744051323188,0.0,0.0,0.023328681584029454,0.10574539309997633,0.0,1.0,1.0,1.0
1.0,1.1118148431002166,1.2075793636625303,1.2828765329627343,1.0,1.1115232345804162,1.2062575462487806,1.279342257941114,1.0,1.1111923383780031,1.2047744051323188,1.2754538596404934,0.0,0.023328681584029454,0.10574539309997633,0.2827420017296234,1.0,1.0,1.0,1.0
1.1118148431002166,1.2075793636625303,1.2828765329627343,1.3334981158560875,1.1115232345804162,1.2062575462487806,1.279342257941114,1.3268019558879995,1.1111923383780031,1.2047744051323188,1.2754538596404934,1.3196300526924647,0.023328681584029454,0.10574539309997633,0.2827420017296234,0.5356927974470338,1.0,1.0,1.0,1.0
1.2075793636625303,1.2828765329627343,1.3334981158560875,1.360492251942017,1.2062575462487806,1.279342257941114,1.3268019558879995,1.3507992092992656,1.2047744051323188,1.2754538596404934,1.3196300526924647,1.340711723134874,0.10574539309997633,0.2827420017296234,0.5356927974470338,0.7754434114201203,1.0,1.0,1.0,1.0
1.2828765329627343,1.3334981158560875,1.360492251942017,1.3709010178732077,1.279342257941114,1.3268019558879995,1.3507992092992656,1.359368772082653,1.2754538596404934,1.3196300526924647,1.340711723134874,1.3476364403896792,0.2827420017296234,0.5356927974470338,0.7754434114201203,0.9225796632443739,1.0,1.0,1.0,1.0
1.3334981158560875,1.360492251942017,1.3709010178732077,1.3627096711787783,1.3268019558879995,1.3507992092992656,1.359368772082653,1.3506938030822393,1.3196300526924647,1.340711723134874,1.3476364403896792,1.3386351210621081,0.5356927974470338,0.7754434114201203,0.9225796632443739,0.9612694477231187,1.0,1.0,1.0,1.0
1.360492251942017,1.3709010178732077,1.3627096711787783,1.0,1.3507992092992656,1.359368772082653,1.3506938030822393,1.0,1.340711723134874,1.3476364403896792,1.3386351210621081,1.0,0.7754434114201203,0.9225796632443739,0.9612694477231187,0.0,1.0,1.0,1.0,1.0
0.0,0.0,1.0,1.112071949162346,0.0,0.0,1.0,1.1118148431002166,0.0,0.0,1.0,1.1115232345804162,0.0,0.0,0.0,0.020568484970358014,0.0,0.0,1.0,1.0
0.0,1.0,1.112071949162346,1.2087569801189375,0.0,1.0,1.1118148431002166,1.2075793636625303,0.0,1.0,1.1115232345804162,1.2062575462487806,0.0,0.0,0.020568484970358014,0.09420931651257902,0.0,1.0,1.0,1.0
1.0,1.112071949162346,1.2087569801189375,1.2860833149501578,1.0,1.1118148431002166,1.2075793636625303,1.2828765329627343,1.0,1.1115232345804162,1.2062575462487806,1.279342257941114,0.0,0.020568484970358014,0.09420931651257902,0.2565425589938819,1.0,1.0,1.0,1.0
1.112071949162346,1.2087569801189375,1.2860833149501578,1.3397299798381548,1.1118148431002166,1.2075793636625303,1.2828765329627343,1.3334981158560875,1.1115232345804162,1.2062575462487806,1.279342257941114,1.3268019558879995,0.020568484970358014,0.09420931651257902,0.2565425589938819,0.49854911856538564,1.0,1.0,1.0,1.0
1.2087569801189375,1.2860833149501578,1.3397299798381548,1.3697706629995552,1.2075793636625303,1.2828765329627343,1.3334981158560875,1.360492251942017,1.2062575462487806,1.279342257941114,1.3268019558879995,1.3507992092992656,0.09420931651257902,0.2565425589938819,0.49854911856538564,0.7422728846030502,1.0,1.0,1.0,1.0
1.2860833149501578,1.3397299798381548,1.3697706629995552,1.38220266073552,1.2828765329627343,1.3334981158560875,1.360492251942017,1.3709010178732077,1.279342257941114,1.3268019558879995,1.3507992092992656,1.359368772082653,0.2565425589938819,0.49854911856538564,0.7422728846030502,0.9041314289849822,1.0,1.0,1.0,1.0
1.3397299798381548,1.3697706629995552,1.38220266073552,1.3746644777345856,1.3334981158560875,1.360492251942017,1.3709010178732077,1.3627096711787783,1.3268019558879995,1.3507992092992656,1.359368772082653,1.3506938030822393,0.49854911856538564,0.7422728846030502,0.9041314289849822,0.9563845244645819,1.0,1.0,1.0,1.0
1.3697706629995552,1.38220266073552,1.3746644777345856,1.0,1.360492251942017,1.3709010178732077,1.3627096711787783,1.0,1.3507992092992656,1.359368772082653,1.3506938030822393,1.0,0.7422728846030502,0.9041314289849822,0.9563845244645819,0.0,1.0,1.0,1.0,1.0
0.0,0.0,1.0,1.1122987471329926,0.0,0.0,1.0,1.112071949162346,0.0,0.0,1.0,1.1118148431002166,0.0,0.0,0.0,0.018143837651720673,0.0,0.0,1.0,1.0
0.0,1.0,1.1122987471329926,1.209805802273791,0.0,1.0,1.112071949162346,1.2087569801189375,0.0,1.0,1.1118148431002166,1.2075793636625303,0.0,0.0,0.018143837651720673,0.08390577238827746,0.0,1.0,1.0,1.0
1.0,1.1122987471329926,1.209805802273791,1.2889883234250636,1.0,1.112071949162346,1.2087569801189375,1.2860833149501578,1.0,1.1118148431002166,1.2075793636625303,1.2828765329627343,0.0,0.018143837651720673,0.08390577238827746,0.2324006779924659,1.0,1.0,1.0,1.0
1.1122987471329926,1.209805802273791,1.2889883234250636,1.3455122435436349,1.112071949162346,1.2087569801189375,1.2860833149501578,1.3397299798381548,1.1118148431002166,1.2075793636625303,1.2828765329627343,1.3334981158560875,0.018143837651720673,0.08390577238827746,0.2324006779924659,0.46258109643840584,1.0,1.0,1.0,1.0
1.209805802273791,1.2889883234250636,1.3455122435436349,1.378618783982427,1.2087569801189375,1.2860833149501578,1.3397299798381548,1.3697706629995552,1.2075793636625303,1.2828765329627343,1.3334981158560875,1.360492251942017,0.08390577238827746,0.2324006779924659,0.46258109643840584,0.7078496786297528,1.0,1.0,1.0,1.0
1.2889883234250636,1.3455122435436349,1.378618783982427,1.3932433218145228,1.2860833149501578,1.3397299798381548,1.3697706629995552,1.38220266073552,1.2828765329627343,1.3334981158560875,1.360492251942017,1.3709010178732077,0.2324006779924659,0.46258109643840584,0.7078496786297528,0.8832528863202249,1.0,1.0,1.0,1.0
1.3455122435436349,1.378618783982427,1.3932433218145228,1.3865373776487815,1.3397299798381548,1.3697706629995552,1.38220266073552,1.3746644777345856,1.3334981158560875,1.360492251942017,1.3709010178732077,1.3627096711787783,0.46258109643840584,0.7078496786297528,0.8832528863202249,0.9498319931356747,1.0,1.0,1.0,1.0
1.378618783982427,1.3932433218145228,1.3865373776487815,1.0,1.3697706629995552,1.38220266073552,1.3746644777345856,1.0,1.360492251942017,1.3709010178732077,1.3627096711787783,1.0,0.7078496786297528,0.8832528863202249,0.9498319931356747,0.0,1.0,1.0,1.0,1.0
0.0,0.0,1.0,1.1124988912859453,0.0,0.0,1.0,1.1122987471329926,0.0,0.0,1.0,1.112071949162346,0.0,0.0,0.0,0.0160115322362131,0.0,0.0,1.0,1.0
0.0,1.0,1.1124988912859453,1.2107396684332181,0.0,1.0,1.1122987471329926,1.209805802273791,0.0,1.0,1.112071949162346,1.2087569801189375,0.0,0.0,0.0160115322362131,0.07470929275417149,0.0,1.0,1.0,1.0
1.0,1.1124988912859453,1.2107396684332181,1.291616153249691,1.0,1.1122987471329926,1.209805802273791,1.2889883234250636,1.0,1.112071949162346,1.2087569801189375,1.2860833149501578,0.0,0.0160115322362131,0.07470929275417149,0.2102263859701914,1.0,1.0,1.0,1.0
1.1124988912859453,1.2107396684332181,1.291616153249691,1.3508622024591888,1.1122987471329926,1.209805802273791,1.2889883234250636,1.3455122435436349,1.112071949162346,1.2087569801189375,1.2860833149501578,1.3397299798381548,0.0160115322362131,0.07470929275417149,0.2102263859701914,0.4279967132443119,1.0,1.0,1.0,1.0
1.2107396684332181,1.291616153249691,1.3508622024591888,1.387025587309851,1.209805802273791,1.2889883234250636,1.3455122435436349,1.378618783982427,1.2087569801189375,1.2860833149501578,1.3397299798381548,1.3697706629995552,0.07470929275417149,0.2102263859701914,0.4279967132443119,0.6725442661939063,1.0,1.0,1.0,1.0
1.291616153249691,1.3508622024591888,1.387025587309851,1.4039935336422795,1.2889883234250636,1.3455122435436349,1.378618783982427,1.3932433218145228,1.2860833149501578,1.3397299798381548,1.3697706629995552,1.38220266073552,0.2102263859701914,0.4279967132443119,0.6725442661939063,0.8600169462205365,1.0,1.0,1.0,1.0
1.3508622024591888,1.387025587309851,1.4039935336422795,1.3983051399032742,1.3455122435436349,1.378618783982427,1.3932433218145228,1.3865373776487815,1.3397299798381548,1.3697706629995552,1.38220266073552,1.3746644777345856,0.4279967132443119,0.6725442661939063,0.8600169462205365,0.9414209803594176,1.0,1.0,1.0,1.0
1.387025587309851,1.4039935336422795,1.3983051399032742,1.0,1.378618783982427,1.3932433218145228,1.3865373776487815,1.0,1.3697706629995552,1.38220266073552,1.3746644777345856,1.0,0.6725442661939063,0.8600169462205365,0.9414209803594176,0.0,1.0,1.0,1.0,1.0
0.0,0.0,1.0,1.1126755919647011,0.0,0.0,1.0,1.1124988912859453,0.0,0.0,1.0,1.1122987471329926,0.0,0.0,0.0,0.014136054300468714,0.0,0.0,1.0,1.0
0.0,1.0,1.1126755919647011,1.2115709896920361,0.0,1.0,1.1124988912859453,1.2107396684332181,0.0,1.0,1.1122987471329926,1.209805802273791,0.0,0.0,0.014136054300468714,0.06650570070544148,0.0,1.0,1.0,1.0
1.0,1.1126755919647011,1.2115709896920361,1.293990127861478,1.0,1.1124988912859453,1.2107396684332181,1.291616153249691,1.0,1.1122987471329926,1.209805802273791,1.2889883234250636,0.0,0.014136054300468714,0.06650570070544148,0.18991796894296087,1.0,1.0,1.0,1.0
1.1126755919647011,1.2115709896920361,1.293990127861478,1.3557991388343775,1.1124988912859453,1.2107396684332181,1.291616153249691,1.3508622024591888,1.1122987471329926,1.209805802273791,1.2889883234250636,1.3455122435436349,0.014136054300468714,0.06650570070544148,0.18991796894296087,0.39495491001510175,1.0,1.0,1.0,1.0
1.2115709896920361,1.293990127861478,1.3557991388343775,1.3949846194768727,1.2107396684332181,1.291616153249691,1.3508622024591888,1.387025587309851,1.209805802273791,1.2889883234250636,1.3455122435436349,1.378618783982427,0.06650570070544148,0.18991796894296087,0.39495491001510175,0.636722573361741,1.0,1.0,1.0,1.0
1.293990127861478,1.3557991388343775,1.3949846194768727,1.4144254734904993,1.291616153249691,1.3508622024591888,1.387025587309851,1.4039935336422795,1.2889883234250636,1.3455122435436349,1.378618783982427,1.3932433218145228,0.18991796894296087,0.39495491001510175,0.636722573361741,0.8345551878575819,1.0,1.0,1.0,1.0
1.3557991388343775,1.3949846194768727,1.4144254734904993,1.4099424804526195,1.3508622024591888,1.387025587309851,1.4039935336422795,1.3983051399032742,1.3455122435436349,1.378618783982427,1.3932433218145228,1.3865373776487815,0.39495491001510175,0.636722573361741,0.8345551878575819,0.930987243947623,1.0,1.0,1.0,1.0
1.3949846194768727,1.4144254734904993,1.4099424804526195,1.0,1.387025587309851,1.4039935336422795,1.3983051399032742,1.0,1.378618783982427,1.3932433218145228,1.3865373776487815,1.0,0.636722573361741,0.8345551878575819,0.930987243947623,0.0,1.0,1.0,1.0,1.0
0.0,0.0,1.0,1.1128316515320518,0.0,0.0,1.0,1.1126755919647011,0.0,0.0,1.0,1.1124988912859453,0.0,0.0,0.0,0.01248476538805221,0.0,0.0,1.0,1.0
0.0,1.0,1.1128316515320518,1.2123108829348852,0.0,1.0,1.1126755919647011,1.2115709896920361,0.0,1.0,1.1124988912859453,1.2107396684332181,0.0,0.0,0.01248476538805221,0.05919145942792525,0.0,1.0,1.0,1.0
1.0,1.1128316515320518,1.2123108829348852,1.29613220783163,1.0,1.1126755919647011,1.2115709896920361,1.293990127861478,1.0,1.1124988912859453,1.2107396684332181,1.291616153249691,0.0,0.01248476538805221,0.05919145942792525,0.17136639761215378,1.0,1.0,1.0,1.0
1.1128316515320518,1.2123108829348852,1.29613220783163,1.3603437589952656,1.1126755919647011,1.2115709896920361,1.293990127861478,1.3557991388343775,1.1124988912859453,1.2107396684332181,1.291616153249691,1.3508622024591888,0.01248476538805221,0.05919145942792525,0.17136639761215378,0.3635696128710464,1.0,1.0,1.0,1.0
1.2123108829348852,1.29613220783163,1.3603437589952656,1.402493809726469,1.2115709896920361,1.293990127861478,1.3557991388343775,1.3949846194768727,1.2107396684332181,1.291616153249691,1.3508622024591888,1.387025587309851,0.05919145942792525,0.17136639761215378,0.3635696128710464,0.600735219967703,1.0,1.0,1.0,1.0
1.29613220783163,1.3603437589952656,1.402493809726469,1.4245136230230446,1.293990127861478,1.3557991388343775,1.3949846194768727,1.4144254734904993,1.291616153249691,1.3508622024591888,1.387025587309851,1.4039935336422795,0.17136639761215378,0.3635696128710464,0.600735219967703,0.8070519626036265,1.0,1.0,1.0,1.0
1.3603437589952656,1.402493809726469,1.4245136230230446,1.4214224985097363,1.3557991388343775,1.3949846194768727,1.4144254734904993,1.4099424804526195,1.3508622024591888,1.387025587309851,1.4039935336422795,1.3983051399032742,0.3635696128710464,0.600735219967703,0.8070519626036265,0.9184014445693478,1.0,1.0,1.0,1.0
1.402493809726469,1.4245136230230446,1.4214224985097363,1.0,1.3949846194768727,1.4144254734904993,1.4099424804526195,1.0,1.387025587309851,1.4039935336422795,1.3983051399032742,1.0,0.600735219967703,0.8070519626036265,0.9184014445693478,0.0,1.0,1.0,1.0,1.0
0.0,0.0,1.0,1.1129695347561517,0.0,0.0,1.0,1.1128316515320518,0.0,0.0,1.0,1.1126755919647011,0.0,0.0,0.0,0.011030657927992848,0.0,0.0,1.0,1.0
0.0,1.0,1.1129695347561517,1.2129692948993624,0.0,1.0,1.1128316515320518,1.2123108829348852,0.0,1.0,1.1126755919647011,1.2115709896920361,0.0,0.0,0.011030657927992848,0.052672957158179656,0.0,1.0,1.0,1.0
1.0,1.1129695347561517,1.2129692948993624,1.2980629441394327,1.0,1.1128316515320518,1.2123108829348852,1.29613220783163,1.0,1.1126755919647011,1.2115709896920361,1.293990127861478,0.0,0.011030657927992848,0.052672957158179656,0.1544589046242173,1.0,1.0,1.0,1.0
1.1129695347561517,1.2129692948993624,1.2980629441394327,1.3645176899825653,1.1128316515320518,1.2123108829348852,1.29613220783163,1.3603437589952656,1.1126755919647011,1.2115709896920361,1.293990127861478,1.3557991388343775,0.011030657927992848,0.052672957158179656,0.1544589046242173,0.3339144789839743,1.0,1.0,1.0,1.0
1.2129692948993624,1.2980629441394327,1.3645176899825653,1.4095551709924,1.2123108829348852,1.29613220783163,1.3603437589952656,1.402493809726469,1.2115709896920361,1.293990127861478,1.3557991388343775,1.3949846194768727,0.052672957158179656,0.1544589046242173,0.3339144789839743,0.5649089012744746,1.0,1.0,1.0,1.0
1.2980629441394327,1.3645176899825653,1.4095551709924,1.4342353275962814,1.29613220783163,1.3603437589952656,1.402493809726469,1.4245136230230446,1.293990127861478,1.3557991388343775,1.3949846194768727,1.4144254734904993,0.1544589046242173,0.3339144789839743,0.5649089012744746,0.7777363658589387,1.0,1.0,1.0,1.0
1.3645176899825653,1.4095551709924,1.4342353275962814,1.4327172040131744,1.3603437589952656,1.402493809726469,1.4245136230230446,1.4214224985097363,1.3557991388343775,1.3949846194768727,1.4144254734904993,1.4099424804526195,0.3339144789839743,0.5649089012744746,0.7777363658589387,0.9035764402750424,1.0,1.0,1.0,1.0
1.4095551709924,1.4342353275962814,1.4327172040131744,1.0,1.402493809726469,1.4245136230230446,1.4214224985097363,1.0,1.3949846194768727,1.4144254734904993,1.4099424804526195,1.0,0.5649089012744746,0.7777363658589387,0.9035764402750424,0.0,1.0,1.0,1.0,1.0
0.0,0.0,1.0,1.11309139846183,0.0,0.0,1.0,1.1129695347561517,0.0,0.0,1.0,1.1128316515320518,0.0,0.0,0.0,0.009749096454267914,0.0,0.0,1.0,1.0
0.0,1.0,1.11309139846183,1.2135551170102408,0.0,1.0,1.1129695347561517,1.2129692948993624,0.0,1.0,1.1128316515320518,1.2123108829348852,0.0,0.0,0.009749096454267914,0.04686576887026561,0.0,1.0,1.0,1.0
1.0,1.11309139846183,1.2135551170102408,1.2998014668758229,1.0,1.1129695347561517,1.2129692948993624,1.2980629441394327,1.0,1.1128316515320518,1.2123108829348852,1.29613220783163,0.0,0.009749096454267914,0.04686576887026561,0.1390818189112153,1.0,1.0,1.0,1.0
1.11309139846183,1.2135551170102408,1.2998014668758229,1.3683430398696372,1.1129695347561517,1.2129692948993624,1.2980629441394327,1.3645176899825653,1.1128316515320518,1.2123108829348852,1.29613220783163,1.3603437589952656,0.009749096454267914,0.04686576887026561,0.1390818189112153,0.30602799096575595,1.0,1.0,1.0,1.0
1.2135551170102408,1.2998014668758229,1.3683430398696372,1.4161744206879312,1.2129692948993624,1.2980629441394327,1.3645176899825653,1.4095551709924,1.2123108829348852,1.29613220783163,1.3603437589952656,1.402493809726469,0.04686576887026561,0.1390818189112153,0.30602799096575595,0.5295399756425034,1.0,1.0,1.0,1.0
1.2998014668758229,1.3683430398696372,1.4161744206879312,1.4435712368097156,1.2980629441394327,1.3645176899825653,1.4095551709924,1.4342353275962814,1.29613220783163,1.3603437589952656,1.402493809726469,1.4245136230230446,0.1390818189112153,0.30602799096575595,0.5295399756425034,0.7468727370747352,1.0,1.0,1.0,1.0
1.3683430398696372,1.4161744206879312,1.4435712368097156,1.44379810748437,1.3645176899825653,1.4095551709924,1.4342353275962814,1.4327172040131744,1.3603437589952656,1.402493809726469,1.4245136230230446,1.4214224985097363,0.30602799096575595,0.5295399756425034,0.7468727370747352,0.8864722776956491,1.0,1.0,1.0,1.0
1.4161744206879312,1.4435712368097156,1.44379810748437,1.0,1.4095551709924,1.4342353275962814,1.4327172040131744,1.0,1.402493809726469,1.4245136230230446,1.4214224985097363,1.0,0.5295399756425034,0.7468727370747352,0.8864722776956491,0.0,1.0,1.0,1.0,1.0
0.0,0.0,1.0,1.1131991403460746,0.0,0.0,1.0,1.11309139846183,0.0,0.0,1.0,1.1129695347561517,0.0,0.0,0.0,0.00861935073956488,0.0,0.0,1.0,1.0
0.0,1.0,1.1131991403460746,1.2140762909235183,0.0,1.0,1.11309139846183,1.2135551170102408,0.0,1.0,1.1129695347561517,1.2129692948993624,0.0,0.0,0.00861935073956488,0.04169391306220405,0.0,1.0,1.0,1.0
1.0,1.1131991403460746,1.2140762909235183,1.3013655014024261,1.0,1.11309139846183,1.2135551170102408,1.2998014668758229,1.0,1.1129695347561517,1.2129692948993624,1.2980629441394327,0.0,0.00861935073956488,0.04169391306220405,0.12512276212826023,1.0,1.0,1.0,1.0
1.1131991403460746,1.2140762909235183,1.3013655014024261,1.3718420224798566,1.11309139846183,1.2135551170102408,1.2998014668758229,1.3683430398696372,1.1129695347561517,1.2129692948993624,1.2980629441394327,1.3645176899825653,0.00861935073956488,0.04169391306220405,0.12512276212826023,0.27991860881755315,1.0,1.0,1.0,1.0
1.2140762909235183,1.3013655014024261,1.3718420224798566,1.4223605478898067,1.2135551170102408,1.2998014668758229,1.3683430398696372,1.4161744206879312,1.2129692948993624,1.2980629441394327,1.3645176899825653,1.4095551709924,0.04169391306220405,0.12512276212826023,0.27991860881755315,0.49489017615004016,1.0,1.0,1.0,1.0
1.3013655014024261,1.3718420224798566,1.4223605478898067,1.4525056164324197,1.2998014668758229,1.3683430398696372,1.4161744206879312,1.4435712368097156,1.2980629441394327,1.3645176899825653,1.4095551709924,1.4342353275962814,0.12512276212826023,0.27991860881755315,0.49489017615004016,0.7147503698163327,1.0,1.0,1.0,1.0
1.3718420224798566,1.4223605478898067,1.4525056164324197,1.4546368480034564,1.3683430398696372,1.4161744206879312,1.4435712368097156,1.44379810748437,1.3645176899825653,1.4095551709924,1.4342353275962814,1.4327172040131744,0.27991860881755315,0.49489017615004016,0.7147503698163327,0.8670992415269119,1.0,1.0,1.0,1.0
1.4223605478898067,1.4525056164324197,1.4546368480034564,1.0,1.4161744206879312,1.4435712368097156,1.44379810748437,1.0,1.4095551709924,1.4342353275962814,1.4327172040131744,1.0,0.49489017615004016,0.7147503698163327,0.8670992415269119,0.0,1.0,1.0,1.0,1.0
0.0,0.0,1.0,1.113294425485948,0.0,0.0,1.0,1.1131991403460746,0.0,0.0,1.0,1.11309139846183,0.0,0.0,0.0,0.007622811189875733,0.0,0.0,1.0,1.0
0.0,1.0,1.113294425485948,1.2145399050772283,0.0,1.0,1.1131991403460746,1.2140762909235183,0.0,1.0,1.11309139846183,1.2135551170102408,0.0,0.0,0.007622811189875733,0.03708913229679922,0.0,1.0,1.0,1.0
1.0,1.113294425485948,1.2145399050772283,1.3027714052344666,1.0,1.1131991403460746,1.2140762909235183,1.3013655014024261,1.0,1.11309139846183,1.2135551170102408,1.2998014668758229,0.0,0.007622811189875733,0.03708913229679922,0.11247230656323381,1.0,1.0,1.0,1.0
1.113294425485948,1.2145399050772283,1.3027714052344666,1.3750366445169806,1.1131991403460746,1.2140762909235183,1.3013655014024261,1.3718420224798566,1.11309139846183,1.2135551170102408,1.2998014668758229,1.3683430398696372,0.007622811189875733,0.03708913229679922,0.11247230656323381,0.25556976296991607,1.0,1.0,1.0,1.0
1.2145399050772283,1.3027714052344666,1.3750366445169806,1.4281253510963123,1.2140762909235183,1.3013655014024261,1.3718420224798566,1.4223605478898067,1.2135551170102408,1.2998014668758229,1.3683430398696372,1.4161744206879312,0.03708913229679922,0.11247230656323381,0.25556976296991607,0.4611842565204505,1.0,1.0,1.0,1.0
1.3027714052344666,1.3750366445169806,1.4281253510963123,1.4610265299179823,1.3013655014024261,1.3718420224798566,1.4223605478898067,1.4525056164324197,1.2998014668758229,1.3683430398696372,1.4161744206879312,1.4435712368097156,0.11247230656323381,0.25556976296991607,0.4611842565204505,0.6816730788450087,1.0,1.0,1.0,1.0
1.3750366445169806,1.4281253510963123,1.4610265299179823,1.4652058272549016,1.3718420224798566,1.4223605478898067,1.4525056164324197,1.4546368480034564,1.3683430398696372,1.4161744206879312,1.4435712368097156,1.44379810748437,0.25556976296991607,0.4611842565204505,0.6816730788450087,0.8455183401156141,1.0,1.0,1.0,1.0
1.4281253510963123,1.4610265299179823,1.4652058272549016,1.0,1.4223605478898067,1.4525056164324197,1.4546368480034564,1.0,1.4161744206879312,1.4435712368097156,1.44379810748437,1.0,0.4611842565204505,0.6816730788450087,0.8455183401156141,0.0,1.0,1.0,1.0,1.0
0.0,0.0,1.0,1.1133787188090585,0.0,0.0,1.0,1.113294425485948,0.0,0.0,1.0,1.1131991403460746,0.0,0.0,0.0,0.006743465848835228,0.0,0.0,1.0,1.0
0.0,1.0,1.1133787188090585,1.214952282578313,0.0,1.0,1.113294425485948,1.2145399050772283,0.0,1.0,1.1131991403460746,1.2140762909235183,0.0,0.0,0.006743465848835228,0.032990200086775445,0.0,1.0,1.0,1.0
1.0,1.1133787188090585,1.214952282578313,1.3040342200507435,1.0,1.113294425485948,1.2145399050772283,1.3027714052344666,1.0,1.1131991403460746,1.2140762909235183,1.3013655014024261,0.0,0.006743465848835228,0.032990200086775445,0.10102518530215931,1.0,1.0,1.0,1.0
1.1133787188090585,1.214952282578313,1.3040342200507435,1.3779484512305753,1.113294425485948,1.2145399050772283,1.3027714052344666,1.3750366445169806,1.1131991403460746,1.2140762909235183,1.3013655014024261,1.3718420224798566,0.006743465848835228,0.032990200086775445,0.10102518530215931,0.232944537087576,1.0,1.0,1.0,1.0
1.214952282578313,1.3040342200507435,1.3779484512305753,1.4334829674981044,1.2145399050772283,1.3027714052344666,1.3750366445169806,1.4281253510963123,1.2140762909235183,1.3013655014024261,1.3718420224798566,1.4223605478898067,0.032990200086775445,0.10102518530215931,0.232944537087576,0.4286093121433687,1.0,1.0,1.0,1.0
1.3040342200507435,1.3779484512305753,1.4334829674981044,1.4691258948149124,1.3027714052344666,1.3750366445169806,1.4281253510963123,1.4610265299179823,1.3013655014024261,1.3718420224798566,1.4223605478898067,1.4525056164324197,0.10102518530215931,0.232944537087576,0.4286093121433687,0.6479491917544067,1.0,1.0,1.0,1.0
1.3779484512305753,1.4334829674981044,1.4691258948149124,1.4754788221197248,1.3750366445169806,1.4281253510963123,1.4610265299179823,1.4652058272549016,1.3718420224798566,1.4223605478898067,1.4525056164324197,1.4546368480034564,0.232944537087576,0.4286093121433687,0.6479491917544067,0.8218395891858599,1.0,1.0,1.0,1.0
1.4334829674981044,1.4691258948149124,1.4754788221197248,1.0,1.4281253510963123,1.4610265299179823,1.4652058272549016,1.0,1.4223605478898067,1.4525056164324197,1.4546368480034564,1.0,0.4286093121433687,0.6479491917544067,0.8218395891858599,0.0,1.0,1.0,1.0,1.0
0.0,0.0,1.0,1.1136295415424753,0.0,0.0,1.0,1.1135777809930134,0.0,0.0,1.0,1.1135193299179265,0.0,0.0,0.0,0.004140843956950135,0.0,0.0,1.0,1.0
0.0,1.0,1.1136295415424753,1.2161933584415652,0.0,1.0,1.1135777809930134,1.2159353681423901,0.0,1.0,1.1135193299179265,1.2156452642531268,0.0,0.0,0.004140843956950135,0.020639223934004747,0.0,1.0,1.0,1.0
1.0,1.1136295415424753,1.2161933584415652,1.3079130400268588,1.0,1.1135777809930134,1.2159353681423901,1.3070961681892928,1.0,1.1135193299179265,1.2156452642531268,1.306184552324545,0.0,0.004140843956950135,0.020639223934004747,0.06534974700528551,1.0,1.0,1.0,1.0
1.1136295415424753,1.2161933584415652,1.3079130400268588,1.3871723169463919,1.1135777809930134,1.2159353681423901,1.3070961681892928,1.3851916193772913,1.1135193299179265,1.2156452642531268,1.306184552324545,1.3830063347897328,0.004140843956950135,0.020639223934004747,0.06534974700528551,0.15845580552804606,1.0,1.0,1.0,1.0
1.2161933584415652,1.3079130400268588,1.3871723169463919,1.4511809908527655,1.2159353681423901,1.3070961681892928,1.3851916193772913,1.4472796123338842,1.2156452642531268,1.306184552324545,1.3830063347897328,1.4430421325499263,0.020639223934004747,0.06534974700528551,0.15845580552804606,0.3121102815105026,1.0,1.0,1.0,1.0
1.3079130400268588,1.3871723169463919,1.4511809908527655,1.49727525875514,1.3070961681892928,1.3851916193772913,1.4472796123338842,1.490869799688299,1.306184552324545,1.3830063347897328,1.4430421325499263,1.4840464746761952,0.06534974700528551,0.15845580552804606,0.3121102815105026,0.5124367253472784,1.0,1.0,1.0,1.0
1.3871723169463919,1.4511809908527655,1.49727525875514,1.5131640811617644,1.3851916193772913,1.4472796123338842,1.490869799688299,1.5042916229213539,1.3830063347897328,1.4430421325499263,1.4840464746761952,1.4950421540144339,0.15845580552804606,0.3121102815105026,0.5124367253472784,0.7097966592328397,1.0,1.0,1.0,1.0
1.4511809908527655,1.49727525875514,1.5131640811617644,1.0,1.4472796123338842,1.490869799688299,1.5042916229213539,1.0,1.4430421325499263,1.4840464746761952,1.4950421540144339,1.0,0.3121102815105026,0.5124367253472784,0.7097966592328397,0.0,1.0,1.0,1.0,1.0
0.0,0.0,1.0,1.1136753884227133,0.0,0.0,1.0,1.1136295415424753,0.0,0.0,1.0,1.1135777809930134,0.0,0.0,0.0,0.0036677504190407717,0.0,0.0,1.0,1.0
0.0,1.0,1.1136753884227133,1.2164227837612243,0.0,1.0,1.1136295415424753,1.2161933584415652,0.0,1.0,1.1135777809930134,1.2159353681423901,0.0,0.0,0.0036677504190407717,0.018354025572726584,0.0,1.0,1.0,1.0
1.0,1.1136753884227133,1.2164227837612243,1.3086446650171994,1.0,1.1136295415424753,1.2161933584415652,1.3079130400268588,1.0,1.1135777809930134,1.2159353681423901,1.3070961681892928,0.0,0.0036677504190407717,0.018354025572726584,0.05852999922725033,1.0,1.0,1.0,1.0
1.1136753884227133,1.2164227837612243,1.3086446650171994,1.3889655168966204,1.1136295415424753,1.2161933584415652,1.3079130400268588,1.3871723169463919,1.1135777809930134,1.2159353681423901,1.3070961681892928,1.3851916193772913,0.0036677504190407717,0.018354025572726584,0.05852999922725033,0.1434559960182824,1.0,1.0,1.0,1.0
1.2164227837612243,1.3086446650171994,1.3889655168966204,1.4547657421322786,1.2161933584415652,1.3079130400268588,1.3871723169463919,1.4511809908527655,1.2159353681423901,1.3070961681892928,1.3851916193772913,1.4472796123338842,0.018354025572726584,0.05852999922725033,0.1434559960182824,0.2867801023610461,1.0,1.0,1.0,1.0
1.3086446650171994,1.3889655168966204,1.4547657421322786,1.5032714696353018,1.3079130400268588,1.3871723169463919,1.4511809908527655,1.49727525875514,1.3070961681892928,1.3851916193772913,1.4472796123338842,1.490869799688299,0.05852999922725033,0.1434559960182824,0.2867801023610461,0.47969687041295117,1.0,1.0,1.0,1.0
1.3889655168966204,1.4547657421322786,1.5032714696353018,1.521646997515246,1.3871723169463919,1.4511809908527655,1.49727525875514,1.5131640811617644,1.3851916193772913,1.4472796123338842,1.490869799688299,1.5042916229213539,0.1434559960182824,0.2867801023610461,0.47969687041295117,0.6786333082785312,1.0,1.0,1.0,1.0
1.4547657421322786,1.5032714696353018,1.521646997515246,1.0,1.4511809908527655,1.49727525875514,1.5131640811617644,1.0,1.4472796123338842,1.490869799688299,1.5042916229213539,1.0,0.2867801023610461,0.47969687041295117,0.6786333082785312,0.0,1.0,1.0,1.0,1.0
0.0,0.0,1.0,1.1137160050056707,0.0,0.0,1.0,1.1136753884227133,0.0,0.0,1.0,1.1136295415424753,0.0,0.0,0.0,0.0032493266365918316,0.0,0.0,1.0,1.0
0.0,1.0,1.1137160050056707,1.2166268027099136,0.0,1.0,1.1136753884227133,1.2164227837612243,0.0,1.0,1.1136295415424753,1.2161933584415652,0.0,0.0,0.0032493266365918316,0.016321515895150185,0.0,1.0,1.0,1.0
1.0,1.1137160050056707,1.2166268027099136,1.30929965254312,1.0,1.1136753884227133,1.2164227837612243,1.3086446650171994,1.0,1.1136295415424753,1.2161933584415652,1.3079130400268588,0.0,0.0032493266365918316,0.016321515895150185,0.05239900207364201,1.0,1.0,1.0,1.0
1.1137160050056707,1.2166268027099136,1.30929965254312,1.3905872397682173,1.1136753884227133,1.2164227837612243,1.3086446650171994,1.3889655168966204,1.1136295415424753,1.2161933584415652,1.3079130400268588,1.3871723169463919,0.0032493266365918316,0.016321515895150185,0.05239900207364201,0.12973782972775183,1.0,1.0,1.0,1.0
1.2166268027099136,1.30929965254312,1.3905872397682173,1.4580533907165991,1.2164227837612243,1.3086446650171994,1.3889655168966204,1.4547657421322786,1.2161933584415652,1.3079130400268588,1.3871723169463919,1.4511809908527655,0.016321515895150185,0.05239900207364201,0.12973782972775183,0.263011886745641,1.0,1.0,1.0,1.0
1.30929965254312,1.3905872397682173,1.4580533907165991,1.5088694400215628,1.3086446650171994,1.3889655168966204,1.4547657421322786,1.5032714696353018,1.3079130400268588,1.3871723169463919,1.4511809908527655,1.49727525875514,0.05239900207364201,0.12973782972775183,0.263011886745641,0.447837630900878,1.0,1.0,1.0,1.0
1.3905872397682173,1.4580533907165991,1.5088694400215628,1.529731280366827,1.3889655168966204,1.4547657421322786,1.5032714696353018,1.521646997515246,1.3871723169463919,1.4511809908527655,1.49727525875514,1.5131640811617644,0.12973782972775183,0.263011886745641,0.447837630900878,0.6467426281264821,1.0,1.0,1.0,1.0
1.4580533907165991,1.5088694400215628,1.529731280366827,1.0,1.4547657421322786,1.5032714696353018,1.521646997515246,1.0,1.4511809908527655,1.49727525875514,1.5131640811617644,1.0,0.263011886745641,0.447837630900878,0.6467426281264821,0.0,1.0,1.0,1.0,1.0
0.0,0.0,1.0,1.1137519959545992,0.0,0.0,1.0,1.1137160050056707,0.0,0.0,1.0,1.1136753884227133,0.0,0.0,0.0,0.0028792759142781676,0.0,0.0,1.0,1.0
0.0,1.0,1.1137519959545992,1.2168082261853128,0.0,1.0,1.1137160050056707,1.2166268027099136,0.0,1.0,1.1136753884227133,1.2164227837612243,0.0,0.0,0.0028792759142781676,0.014513878031934269,0.0,1.0,1.0,1.0
1.0,1.1137519959545992,1.2168082261853128,1.3098857949316334,1.0,1.1137160050056707,1.2166268027099136,1.30929965254312,1.0,1.1136753884227133,1.2164227837612243,1.3086446650171994,0.0,0.0028792759142781676,0.014513878031934269,0.04689139108107199,1.0,1.0,1.0,1.0
1.1137519959545992,1.2168082261853128,1.3098857949316334,1.3920524368750615,1.1137160050056707,1.2166268027099136,1.30929965254312,1.3905872397682173,1.1136753884227133,1.2164227837612243,1.3086446650171994,1.3889655168966204,0.0028792759142781676,0.014513878031934269,0.04689139108107199,0.11721576854753835,1.0,1.0,1.0,1.0
1.2168082261853128,1.3098857949316334,1.3920524368750615,1.4610632718777827,1.2166268027099136,1.30929965254312,1.3905872397682173,1.4580533907165991,1.2164227837612243,1.3086446650171994,1.3889655168966204,1.4547657421322786,0.014513878031934269,0.04689139108107199,0.11721576854753835,0.24079049289468912,1.0,1.0,1.0,1.0
1.3098857949316334,1.3920524368750615,1.4610632718777827,1.5140821881113147,1.30929965254312,1.3905872397682173,1.4580533907165991,1.5088694400215628,1.3086446650171994,1.3889655168966204,1.4547657421322786,1.5032714696353018,0.04689139108107199,0.11721576854753835,0.24079049289468912,0.4170198471801534,1.0,1.0,1.0,1.0
1.3920524368750615,1.4610632718777827,1.5140821881113147,1.5374112766811519,1.3905872397682173,1.4580533907165991,1.5088694400215628,1.529731280366827,1.3889655168966204,1.4547657421322786,1.5032714696353018,1.521646997515246,0.11721576854753835,0.24079049289468912,0.4170198471801534,0.6143997051459849,1.0,1.0,1.0,1.0
1.4610632718777827,1.5140821881113147,1.5374112766811519,1.0,1.4580533907165991,1.5088694400215628,1.529731280366827,1.0,1.4547657421322786,1.5032714696353018,1.521646997515246,1.0,0.24079049289468912,0.4170198471801534,0.6143997051459849,0.0,1.0,1.0,1.0,1.0
0.0,0.0,1.0,1.1137838934294888,0.0,0.0,1.0,1.1137519959545992,0.0,0.0,1.0,1.1137160050056707,0.0,0.0,0.0,0.002551797991170446,0.0,0.0,1.0,1.0
0.0,1.0,1.1137838934294888,1.2169695552232167,0.0,1.0,1.1137519959545992,1.2168082261853128,0.0,1.0,1.1137160050056707,1.2166268027099136,0.0,0.0,0.002551797991170446,0.012906323032311207,0.0,1.0,1.0,1.0
1.0,1.1137838934294888,1.2169695552232167,1.3104101350497608,1.0,1.1137519959545992,1.2168082261853128,1.3098857949316334,1.0,1.1137160050056707,1.2166268027099136,1.30929965254312,0.0,0.002551797991170446,0.012906323032311207,0.0419472094501927,1.0,1.0,1.0,1.0
1.1137838934294888,1.2169695552232167,1.3104101350497608,1.3933750060102863,1.1137519959545992,1.2168082261853128,1.3098857949316334,1.3920524368750615,1.1137160050056707,1.2166268027099136,1.30929965254312,1.3905872397682173,0.002551797991170446,0.012906323032311207,0.0419472094501927,0.10580553081798172,1.0,1.0,1.0,1.0
1.2169695552232167,1.3104101350497608,1.3933750060102863,1.4638143331951359,1.2168082261853128,1.3098857949316334,1.3920524368750615,1.4610632718777827,1.2166268027099136,1.30929965254312,1.3905872397682173,1.4580533907165991,0.012906323032311207,0.0419472094501927,0.10580553081798172,0.22008490538825143,1.0,1.0,1.0,1.0
1.3104101350497608,1.3933750060102863,1.4638143331951359,1.5189243663242384,1.3098857949316334,1.3920524368750615,1.4610632718777827,1.5140821881113147,1.30929965254312,1.3905872397682173,1.4580533907165991,1.5088694400215628,0.0419472094501927,0.10580553081798172,0.22008490538825143,0.38737425703390116,1.0,1.0,1.0,1.0
1.3933750060102863,1.4638143331951359,1.5189243663242384,1.54468468186232,1.3920524368750615,1.4610632718777827,1.5140821881113147,1.5374112766811519,1.3905872397682173,1.4580533907165991,1.5088694400215628,1.529731280366827,0.10580553081798172,0.22008490538825143,0.38737425703390116,0.5818724144934606,1.0,1.0,1.0,1.0
1.4638143331951359,1.5189243663242384,1.54468468186232,1.0,1.4610632718777827,1.5140821881113147,1.5374112766811519,1.0,1.4580533907165991,1.5088694400215628,1.529731280366827,1.0,0.22008490538825143,0.38737425703390116,0.5818724144934606,0.0,1.0,1.0,1.0,1.0
0.0,0.0,1.0,1.1138121687212963,0.0,0.0,1.0,1.1137838934294888,0.0,0.0,1.0,1.1137519959545992,0.0,0.0,0.0,0.002262023344599129,0.0,0.0,1.0,1.0
0.0,1.0,1.1138121687212963,1.2171130148302678,0.0,1.0,1.1137838934294888,1.2169695552232167,0.0,1.0,1.1137519959545992,1.2168082261853128,0.0,0.0,0.002262023344599129,0.011476768564087081,0.0,1.0,1.0,1.0
1.0,1.1138121687212963,1.2171130148302678,1.3108790303079403,1.0,1.1137838934294888,1.2169695552232167,1.3104101350497608,1.0,1.1137519959545992,1.2168082261853128,1.3098857949316334,0.0,0.002262023344599129,0.011476768564087081,0.0375116206543602,1.0,1.0,1.0,1.0
1.1138121687212963,1.2171130148302678,1.3108790303079403,1.3945678196014506,1.1137838934294888,1.2169695552232167,1.3104101350497608,1.3933750060102863,1.1137519959545992,1.2168082261853128,1.3098857949316334,1.3920524368750615,0.002262023344599129,0.011476768564087081,0.0375116206543602,0.09542508729314392,1.0,1.0,1.0,1.0
1.2171130148302678,1.3108790303079403,1.3945678196014506,1.4663249746742233,1.2169695552232167,1.3104101350497608,1.3933750060102863,1.4638143331951359,1.2168082261853128,1.3098857949316334,1.3920524368750615,1.4610632718777827,0.011476768564087081,0.0375116206543602,0.09542508729314392,0.20085131832699332,1.0,1.0,1.0,1.0
1.3108790303079403,1.3945678196014506,1.4663249746742233,1.5234118990037107,1.3104101350497608,1.3933750060102863,1.4638143331951359,1.5189243663242384,1.3098857949316334,1.3920524368750615,1.4610632718777827,1.5140821881113147,0.0375116206543602,0.09542508729314392,0.20085131832699332,0.35900261435777736,1.0,1.0,1.0,1.0
1.3945678196014506,1.4663249746742233,1.5234118990037107,1.5515523738429453,1.3933750060102863,1.4638143331951359,1.5189243663242384,1.54468468186232,1.3920524368750615,1.4610632718777827,1.5140821881113147,1.5374112766811519,0.09542508729314392,0.20085131832699332,0.35900261435777736,0.5494153584500161,1.0,1.0,1.0,1.0
1.4663249746742233,1.5234118990037107,1.5515523738429453,1.0,1.4638143331951359,1.5189243663242384,1.54468468186232,1.0,1.4610632718777827,1.5140821881113147,1.5374112766811519,1.0,0.20085131832699332,0.35900261435777736,0.5494153584500161,0.0,1.0,1.0,1.0,1.0
0.0,0.0,1.0,1.1138372369570932,0.0,0.0,1.0,1.1138121687212963,0.0,0.0,1.0,1.1137838934294888,0.0,0.0,0.0,0.0020054588637563597,0.0,0.0,1.0,1.0
0.0,1.0,1.1138372369570932,1.2172405842068796,0.0,1.0,1.1138121687212963,1.2171130148302678,0.0,1.0,1.1137838934294888,1.2169695552232167,0.0,0.0,0.0020054588637563597,0.010205550128947749,0.0,1.0,1.0,1.0
1.0,1.1138372369570932,1.2172405842068796,1.3112982128056334,1.0,1.1138121687212963,1.2171130148302678,1.3108790303079403,1.0,1.1137838934294888,1.2169695552232167,1.3104101350497608,0.0,0.0020054588637563597,0.010205550128947749,0.03353459981545015,1.0,1.0,1.0,1.0
1.1138372369570932,1.2172405842068796,1.3112982128056334,1.3956427622124163,1.1138121687212963,1.2171130148302678,1.3108790303079403,1.3945678196014506,1.1137838934294888,1.2169695552232167,1.3104101350497608,1.3933750060102863,0.0020054588637563597,0.010205550128947749,0.03353459981545015,0.08599540887725965,1.0,1.0,1.0,1.0
1.2172405842068796,1.3112982128056334,1.3956427622124163,1.4686129239550874,1.2171130148302678,1.3108790303079403,1.3945678196014506,1.4663249746742233,1.2169695552232167,1.3104101350497608,1.3933750060102863,1.4638143331951359,0.010205550128947749,0.03353459981545015,0.08599540887725965,0.18303594246912525,1.0,1.0,1.0,1.0
1.3112982128056334,1.3956427622124163,1.4686129239550874,1.527561642402691,1.3108790303079403,1.3945678196014506,1.4663249746742233,1.5234118990037107,1.3104101350497608,1.3933750060102863,1.4638143331951359,1.5189243663242384,0.03353459981545015,0.08599540887725965,0.18303594246912525,0.3319794719184266,1.0,1.0,1.0,1.0
1.3956427622124163,1.4686129239550874,1.527561642402691,1.558018184920488,1.3945678196014506,1.4663249746742233,1.5234118990037107,1.5515523738429453,1.3933750060102863,1.4638143331951359,1.5189243663242384,1.54468468186232,0.08599540887725965,0.18303594246912525,0.3319794719184266,0.5172648862034102,1.0,1.0,1.0,1.0
1.4686129239550874,1.527561642402691,1.558018184920488,1.0,1.4663249746742233,1.5234118990037107,1.5515523738429453,1.0,1.4638143331951359,1.5189243663242384,1.54468468186232,1.0,0.18303594246912525,0.3319794719184266,0.5172648862034102,0.0,1.0,1.0,1.0,1.0
0.0,0.0,1.0,1.1138594659295127,0.0,0.0,1.0,1.1138372369570932,0.0,0.0,1.0,1.1138121687212963,0.0,0.0,0.0,0.0017783177935548622,0.0,0.0,1.0,1.0
0.0,1.0,1.1138594659295127,1.2173540237215246,0.0,1.0,1.1138372369570932,1.2172405842068796,0.0,1.0,1.1138121687212963,1.2171130148302678,0.0,0.0,0.0017783177935548622,0.009075161171594459,0.0,1.0,1.0,1.0
1.0,1.1138594659295127,1.2173540237215246,1.3116728454943407,1.0,1.1138372369570932,1.2172405842068796,1.3112982128056334,1.0,1.1138121687212963,1.2171130148302678,1.3108790303079403,0.0,0.0017783177935548622,0.009075161171594459,0.02997061509658394,1.0,1.0,1.0,1.0
1.1138594659295127,1.2173540237215246,1.3116728454943407,1.3966107747738528,1.1138372369570932,1.2172405842068796,1.3112982128056334,1.3956427622124163,1.1138121687212963,1.2171130148302678,1.3108790303079403,1.3945678196014506,0.0017783177935548622,0.009075161171594459,0.02997061509658394,0.07744100491491324,1.0,1.0,1.0,1.0
1.2173540237215246,1.3116728454943407,1.3966107747738528,1.4706951428263024,1.2172405842068796,1.3112982128056334,1.3956427622124163,1.4686129239550874,1.2171130148302678,1.3108790303079403,1.3945678196014506,1.4663249746742233,0.009075161171594459,0.02997061509658394,0.07744100491491324,0.16657750969720553,1.0,1.0,1.0,1.0
1.3116728454943407,1.3966107747738528,1.4706951428263024,1.5313910728612006,1.3112982128056334,1.3956427622124163,1.4686129239550874,1.527561642402691,1.3108790303079403,1.3945678196014506,1.4663249746742233,1.5234118990037107,0.02997061509658394,0.07744100491491324,0.16657750969720553,0.3063544366807669,1.0,1.0,1.0,1.0
1.3966107747738528,1.4706951428263024,1.5313910728612006,1.5640886269447378,1.3956427622124163,1.4686129239550874,1.527561642402691,1.558018184920488,1.3945678196014506,1.4663249746742233,1.5234118990037107,1.5515523738429453,0.07744100491491324,0.16657750969720553,0.3063544366807669,0.48563536193999113,1.0,1.0,1.0,1.0
1.4706951428263024,1.5313910728612006,1.5640886269447378,1.0,1.4686129239550874,1.527561642402691,1.558018184920488,1.0,1.4663249746742233,1.5234118990037107,1.5515523738429453,1.0,0.16657750969720553,0.3063544366807669,0.48563536193999113,0.0,1.0,1.0,1.0,1.0
0.0,0.0,1.0,1.113879179972787,0.0,0.0,1.0,1.1138594659295127,0.0,0.0,1.0,1.1138372369570932,0.0,0.0,0.0,0.0015771234619421648,0.0,0.0,1.0,1.0
0.0,1.0,1.113879179972787,1.2174548989733185,0.0,1.0,1.1138594659295127,1.2173540237215246,0.0,1.0,1.1138372369570932,1.2172405842068796,0.0,0.0,0.0015771234619421648,0.008070020143513545,0.0,1.0,1.0,1.0
1.0,1.113879179972787,1.2174548989733185,1.3120075743403898,1.0,1.1138594659295127,1.2173540237215246,1.3116728454943407,1.0,1.1138372369570932,1.2172405842068796,1.3112982128056334,0.0,0.0015771234619421648,0.008070020143513545,0.02677830768393008,1.0,1.0,1.0,1.0
1.113879179972787,1.2174548989733185,1.3120075743403898,1.397481903364838,1.1138594659295127,1.2173540237215246,1.3116728454943407,1.3966107747738528,1.1138372369570932,1.2172405842068796,1.3112982128056334,1.3956427622124163,0.0015771234619421648,0.008070020143513545,0.02677830768393008,0.06969028727882076,1.0,1.0,1.0,1.0
1.2174548989733185,1.3120075743403898,1.397481903364838,1.4725877611539862,1.2173540237215246,1.3116728454943407,1.3966107747738528,1.4706951428263024,1.2172405842068796,1.3112982128056334,1.3956427622124163,1.4686129239550874,0.008070020143513545,0.02677830768393008,0.06969028727882076,0.15140946621469809,1.0,1.0,1.0,1.0
1.3120075743403898,1.397481903364838,1.4725877611539862,1.5349180069323731,1.3116728454943407,1.3966107747738528,1.4706951428263024,1.5313910728612006,1.3112982128056334,1.3956427622124163,1.4686129239550874,1.527561642402691,0.02677830768393008,0.06969028727882076,0.15140946621469809,0.28215472569380395,1.0,1.0,1.0,1.0
1.397481903364838,1.4725877611539862,1.5349180069323731,1.5697725840899406,1.3966107747738528,1.4706951428263024,1.5313910728612006,1.5640886269447378,1.3956427622124163,1.4686129239550874,1.527561642402691,1.558018184920488,0.06969028727882076,0.15140946621469809,0.28215472569380395,0.4547165716162205,1.0,1.0,1.0,1.0
1.4725877611539862,1.5349180069323731,1.5697725840899406,1.0,1.4706951428263024,1.5313910728612006,1.5640886269447378,1.0,1.4686129239550874,1.527561642402691,1.558018184920488,1.0,0.15140946621469809,0.28215472569380395,0.4547165716162205,0.0,1.0,1.0,1.0,1.0
0.0,0.0,1.0,1.1138966664348555,0.0,0.0,1.0,1.113879179972787,0.0,0.0,1.0,1.1138594659295127,0.0,0.0,0.0,0.0013989169654848865,0.0,0.0,1.0,1.0
0.0,1.0,1.1138966664348555,1.2175446022441505,0.0,1.0,1.113879179972787,1.2174548989733185,0.0,1.0,1.1138594659295127,1.2173540237215246,0.0,0.0,0.0013989169654848865,0.007176261666561601,0.0,1.0,1.0,1.0
1.0,1.1138966664348555,1.2175446022441505,1.3123065765499635,1.0,1.113879179972787,1.2174548989733185,1.3120075743403898,1.0,1.1138594659295127,1.2173540237215246,1.3116728454943407,0.0,0.0013989169654848865,0.007176261666561601,0.02392017676589475,1.0,1.0,1.0,1.0
1.1138966664348555,1.2175446022441505,1.3123065765499635,1.398265350760842,1.113879179972787,1.2174548989733185,1.3120075743403898,1.397481903364838,1.1138594659295127,1.2173540237215246,1.3116728454943407,1.3966107747738528,0.0013989169654848865,0.007176261666561601,0.02392017676589475,0.06267579168032,1.0,1.0,1.0,1.0
1.2175446022441505,1.3123065765499635,1.398265350760842,1.4743060343969108,1.2174548989733185,1.3120075743403898,1.397481903364838,1.4725877611539862,1.2173540237215246,1.3116728454943407,1.3966107747738528,1.4706951428263024,0.007176261666561601,0.02392017676589475,0.06267579168032,0.13746185943396938,1.0,1.0,1.0,1.0
1.3123065765499635,1.398265350760842,1.4743060343969108,1.5381603553669418,1.3120075743403898,1.397481903364838,1.4725877611539862,1.5349180069323731,1.3116728454943407,1.3966107747738528,1.4706951428263024,1.5313910728612006,0.02392017676589475,0.06267579168032,0.13746185943396938,0.25938787476549763,1.0,1.0,1.0,1.0
1.398265350760842,1.4743060343969108,1.5381603553669418,1.5750809874347989,1.397481903364838,1.4725877611539862,1.5349180069323731,1.5697725840899406,1.3966107747738528,1.4706951428263024,1.5313910728612006,1.5640886269447378,0.06267579168032,0.13746185943396938,0.25938787476549763,0.4246722675886616,1.0,1.0,1.0,1.0
1.4743060343969108,1.5381603553669418,1.5750809874347989,1.0,1.4725877611539862,1.5349180069323731,1.5697725840899406,1.0,1.4706951428263024,1.5313910728612006,1.5640886269447378,1.0,0.13746185943396938,0.25938787476549763,0.4246722675886616,0.0,1.0,1.0,1.0,1.0
0.0,0.0,1.0,1.1139121790609172,0.0,0.0,1.0,1.1138966664348555,0.0,0.0,1.0,1.113879179972787,0.0,0.0,0.0,0.001241010084935823,0.0,0.0,1.0,1.0
0.0,1.0,1.1139121790609172,1.2176243716151616,0.0,1.0,1.1138966664348555,1.2175446022441505,0.0,1.0,1.113879179972787,1.2174548989733185,0.0,0.0,0.001241010084935823,0.006381549680885001,0.0,1.0,1.0,1.0
1.0,1.1139121790609172,1.2176243716151616,1.312573604977023,1.0,1.1138966664348555,1.2175446022441505,1.3123065765499635,1.0,1.113879179972787,1.2174548989733185,1.3120075743403898,0.0,0.001241010084935823,0.006381549680885001,0.021362274164751227,1.0,1.0,1.0,1.0
1.1139121790609172,1.2176243716151616,1.312573604977023,1.398969529307507,1.1138966664348555,1.2175446022441505,1.3123065765499635,1.398265350760842,1.113879179972787,1.2174548989733185,1.3120075743403898,1.397481903364838,0.001241010084935823,0.006381549680885001,0.021362274164751227,0.056334283733203705,1.0,1.0,1.0,1.0
1.2176243716151616,1.312573604977023,1.398969529307507,1.4758643210617584,1.2175446022441505,1.3123065765499635,1.398265350760842,1.4743060343969108,1.2174548989733185,1.3120075743403898,1.397481903364838,1.4725877611539862,0.006381549680885001,0.021362274164751227,0.056334283733203705,0.12466293318780686,1.0,1.0,1.0,1.0
1.312573604977023,1.398969529307507,1.4758643210617584,1.5411359113460503,1.3123065765499635,1.398265350760842,1.4743060343969108,1.5381603553669418,1.3120075743403898,1.397481903364838,1.4725877611539862,1.5349180069323731,0.021362274164751227,0.056334283733203705,0.12466293318780686,0.23804447832867837,1.0,1.0,1.0,1.0
1.398969529307507,1.4758643210617584,1.5411359113460503,1.5800264833821018,1.398265350760842,1.4743060343969108,1.5381603553669418,1.5750809874347989,1.397481903364838,1.4725877611539862,1.5349180069323731,1.5697725840899406,0.056334283733203705,0.12466293318780686,0.23804447832867837,0.3956396757842384,1.0,1.0,1.0,1.0
1.4758643210617584,1.5411359113460503,1.5800264833821018,1.0,1.4743060343969108,1.5381603553669418,1.5750809874347989,1.0,1.4725877611539862,1.5349180069323731,1.5697725840899406,1.0,0.12466293318780686,0.23804447832867837,0.3956396757842384,0.0,1.0,1.0,1.0,1.0
0.0,0.0,1.0,1.1139259425855177,0.0,0.0,1.0,1.1139121790609172,0.0,0.0,1.0,1.1138966664348555,0.0,0.0,0.0,0.0011010819680379313,0.0,0.0,1.0,1.0
0.0,1.0,1.1139259425855177,1.2176953079954242,0.0,1.0,1.1139121790609172,1.2176243716151616,0.0,1.0,1.1138966664348555,1.2175446022441505,0.0,0.0,0.0011010819680379313,0.00567491042101409,0.0,1.0,1.0,1.0
1.0,1.1139259425855177,1.2176953079954242,1.312812028875696,1.0,1.1139121790609172,1.2176243716151616,1.312573604977023,1.0,1.1138966664348555,1.2175446022441505,1.3123065765499635,0.0,0.0011010819680379313,0.00567491042101409,0.019073911893841,1.0,1.0,1.0,1.0
1.1139259425855177,1.2176953079954242,1.312812028875696,1.399602113977391,1.1139121790609172,1.2176243716151616,1.312573604977023,1.398969529307507,1.1138966664348555,1.2175446022441505,1.3123065765499635,1.398265350760842,0.0011010819680379313,0.00567491042101409,0.019073911893841,0.0506067735907223,1.0,1.0,1.0,1.0
1.2176953079954242,1.312812028875696,1.399602113977391,1.477276076718138,1.2176243716151616,1.312573604977023,1.398969529307507,1.4758643210617584,1.2175446022441505,1.3123065765499635,1.398265350760842,1.4743060343969108,0.00567491042101409,0.019073911893841,0.0506067735907223,0.11294045251037943,1.0,1.0,1.0,1.0
1.312812028875696,1.399602113977391,1.477276076718138,1.5438621721674008,1.312573604977023,1.398969529307507,1.4758643210617584,1.5411359113460503,1.3123065765499635,1.398265350760842,1.4743060343969108,1.5381603553669418,0.019073911893841,0.0506067735907223,0.11294045251037943,0.21810086570804188,1.0,1.0,1.0,1.0
1.399602113977391,1.477276076718138,1.5438621721674008,1.5846231066652665,1.398969529307507,1.4758643210617584,1.5411359113460503,1.5800264833821018,1.398265350760842,1.4743060343969108,1.5381603553669418,1.5750809874347989,0.0506067735907223,0.11294045251037943,0.21810086570804188,0.3677298626531744,1.0,1.0,1.0,1.0
1.477276076718138,1.5438621721674008,1.5846231066652665,1.0,1.4758643210617584,1.5411359113460503,1.5800264833821018,1.0,1.4743060343969108,1.5381603553669418,1.5750809874347989,1.0,0.11294045251037943,0.21810086570804188,0.3677298626531744,0.0,1.0,1.0,1.0,1.0
0.0,0.0,1.0,1.1139381557644348,0.0,0.0,1.0,1.1139259425855177,0.0,0.0,1.0,1.1139121790609172,0.0,0.0,0.0,0.0009770543133669207,0.0,0.0,1.0,1.0
0.0,1.0,1.1139381557644348,1.2177583902848494,0.0,1.0,1.1139259425855177,1.2176953079954242,0.0,1.0,1.1139121790609172,1.2176243716151616,0.0,0.0,0.0009770543133669207,0.005046583154015849,0.0,1.0,1.0,1.0
1.0,1.1139381557644348,1.2177583902848494,1.3130248711856485,1.0,1.1139259425855177,1.2176953079954242,1.312812028875696,1.0,1.1139121790609172,1.2176243716151616,1.312573604977023,0.0,0.0009770543133669207,0.005046583154015849,0.01702738479620436,1.0,1.0,1.0,1.0
1.1139381557644348,1.2177583902848494,1.3130248711856485,1.4001700947183355,1.1139259425855177,1.2176953079954242,1.312812028875696,1.399602113977391,1.1139121790609172,1.2176243716151616,1.312573604977023,1.398969529307507,0.0009770543133669207,0.005046583154015849,0.01702738479620436,0.04543845927555523,1.0,1.0,1.0,1.0
1.2177583902848494,1.3130248711856485,1.4001700947183355,1.4785538614900684,1.2176953079954242,1.312812028875696,1.399602113977391,1.477276076718138,1.2176243716151616,1.312573604977023,1.398969529307507,1.4758643210617584,0.005046583154015849,0.01702738479620436,0.04543845927555523,0.10222278175442412,1.0,1.0,1.0,1.0
1.3130248711856485,1.4001700947183355,1.4785538614900684,1.546356192633278,1.312812028875696,1.399602113977391,1.477276076718138,1.5438621721674008,1.312573604977023,1.398969529307507,1.4758643210617584,1.5411359113460503,0.01702738479620436,0.04543845927555523,0.10222278175442412,0.1995216372701769,1.0,1.0,1.0,1.0
1.4001700947183355,1.4785538614900684,1.546356192633278,1.5888859663639607,1.399602113977391,1.477276076718138,1.5438621721674008,1.5846231066652665,1.398969529307507,1.4758643210617584,1.5411359113460503,1.5800264833821018,0.04543845927555523,0.10222278175442412,0.1995216372701769,0.3410287758955377,1.0,1.0,1.0,1.0
1.4785538614900684,1.546356192633278,1.5888859663639607,1.0,1.477276076718138,1.5438621721674008,1.5846231066652665,1.0,1.4758643210617584,1.5411359113460503,1.5800264833821018,1.0,0.10222278175442412,0.1995216372701769,0.3410287758955377,0.0,1.0,1.0,1.0,1.0
0.0,0.0,1.0,1.1139489945369532,0.0,0.0,1.0,1.1139381557644348,0.0,0.0,1.0,1.1139259425855177,0.0,0.0,0.0,0.0008671018014716481,0.0,0.0,1.0,1.0
0.0,1.0,1.1139489945369532,1.2178144888729154,0.0,1.0,1.1139381557644348,1.2177583902848494,0.0,1.0,1.1139259425855177,1.2176953079954242,0.0,0.0,0.0008671018014716481,0.0044878870452791375,0.0,1.0,1.0,1.0
1.0,1.1139489945369532,1.2178144888729154,1.3132148425558174,1.0,1.1139381557644348,1.2177583902848494,1.3130248711856485,1.0,1.1139259425855177,1.2176953079954242,1.312812028875696,0.0,0.0008671018014716481,0.0044878870452791375,0.015197709613516963,1.0,1.0,1.0,1.0
1.1139489945369532,1.2178144888729154,1.3132148425558174,1.4006798274208279,1.1139381557644348,1.2177583902848494,1.3130248711856485,1.4001700947183355,1.1139259425855177,1.2176953079954242,1.312812028875696,1.399602113977391,0.0008671018014716481,0.0044878870452791375,0.015197709613516963,0.040778616199386164,1.0,1.0,1.0,1.0
1.2178144888729154,1.3132148425558174,1.4006798274208279,1.479709358311696,1.2177583902848494,1.3130248711856485,1.4001700947183355,1.4785538614900684,1.2176953079954242,1.312812028875696,1.399602113977391,1.477276076718138,0.0044878870452791375,0.015197709613516963,0.040778616199386164,0.09243974573021063,1.0,1.0,1.0,1.0
1.3132148425558174,1.4006798274208279,1.479709358311696,1.5486344679391528,1.3130248711856485,1.4001700947183355,1.4785538614900684,1.546356192633278,1.312812028875696,1.399602113977391,1.477276076718138,1.5438621721674008,0.015197709613516963,0.040778616199386164,0.09243974573021063,0.1822620244699813,1.0,1.0,1.0,1.0
1.4006798274208279,1.479709358311696,1.5486344679391528,1.5928309516136516,1.4001700947183355,1.4785538614900684,1.546356192633278,1.5888859663639607,1.399602113977391,1.477276076718138,1.5438621721674008,1.5846231066652665,0.040778616199386164,0.09243974573021063,0.1822620244699813,0.3155988199752713,1.0,1.0,1.0,1.0
1.479709358311696,1.5486344679391528,1.5928309516136516,1.0,1.4785538614900684,1.546356192633278,1.5888859663639607,1.0,1.477276076718138,1.5438621721674008,1.5846231066652665,1.0,0.09243974573021063,0.1822620244699813,0.3155988199752713,0.0,1.0,1.0,1.0,1.0
0.0,0.0,1.0,1.1139586147459577,0.0,0.0,1.0,1.1139489945369532,0.0,0.0,1.0,1.1139381557644348,0.0,0.0,0.0,0.0007696167203619098,0.0,0.0,1.0,1.0
0.0,1.0,1.1139586147459577,1.2178643776516844,0.0,1.0,1.1139489945369532,1.2178144888729154,0.0,1.0,1.1139381557644348,1.2177583902848494,0.0,0.0,0.0007696167203619098,0.003991102301519334,0.0,1.0,1.0,1.0
1.0,1.1139586147459577,1.2178643776516844,1.313384372319503,1.0,1.1139489945369532,1.2178144888729154,1.3132148425558174,1.0,1.1139381557644348,1.2177583902848494,1.3130248711856485,0.0,0.0007696167203619098,0.003991102301519334,0.013562381094835985,1.0,1.0,1.0,1.0
1.1139586147459577,1.2178643776516844,1.313384372319503,1.4011370830020862,1.1139489945369532,1.2178144888729154,1.3132148425558174,1.4006798274208279,1.1139381557644348,1.2177583902848494,1.3130248711856485,1.4001700947183355,0.0007696167203619098,0.003991102301519334,0.013562381094835985,0.03658044650066472,1.0,1.0,1.0,1.0
1.2178643776516844,1.313384372319503,1.4011370830020862,1.4807533995186888,1.2178144888729154,1.3132148425558174,1.4006798274208279,1.479709358311696,1.2177583902848494,1.3130248711856485,1.4001700947183355,1.4785538614900684,0.003991102301519334,0.013562381094835985,0.03658044650066472,0.08352329655942015,1.0,1.0,1.0,1.0
1.313384372319503,1.4011370830020862,1.4807533995186888,1.5507128432276325,1.3132148425558174,1.4006798274208279,1.479709358311696,1.5486344679391528,1.3130248711856485,1.4001700947183355,1.4785538614900684,1.546356192633278,0.013562381094835985,0.03658044650066472,0.08352329655942015,0.16627002307837202,1.0,1.0,1.0,1.0
1.4011370830020862,1.4807533995186888,1.5507128432276325,1.596474461665468,1.4006798274208279,1.479709358311696,1.5486344679391528,1.5928309516136516,1.4001700947183355,1.4785538614900684,1.546356192633278,1.5888859663639607,0.03658044650066472,0.08352329655942015,0.16627002307837202,0.2914808041453121,1.0,1.0,1.0,1.0
1.4807533995186888,1.5507128432276325,1.596474461665468,1.0,1.479709358311696,1.5486344679391528,1.5928309516136516,1.0,1.4785538614900684,1.546356192633278,1.5888859663639607,1.0,0.08352329655942015,0.16627002307837202,0.2914808041453121,0.0,1.0,1.0,1.0,1.0
0.0,0.0,1.0,1.1139671542606977,0.0,0.0,1.0,1.1139586147459577,0.0,0.0,1.0,1.1139489945369532,0.0,0.0,0.0,0.0006831611792001979,0.0,0.0,1.0,1.0
0.0,1.0,1.1139671542606977,1.217908744705499,0.0,1.0,1.1139586147459577,1.2178643776516844,0.0,1.0,1.1139489945369532,1.2178144888729154,0.0,0.0,0.0006831611792001979,0.003549364305168723,0.0,1.0,1.0,1.0
1.0,1.1139671542606977,1.217908744705499,1.313535636636216,1.0,1.1139586147459577,1.2178643776516844,1.313384372319503,1.0,1.1139489945369532,1.2178144888729154,1.3132148425558174,0.0,0.0006831611792001979,0.003549364305168723,0.012101145337055641,1.0,1.0,1.0,1.0
1.1139671542606977,1.217908744705499,1.313535636636216,1.4015470942568404,1.1139586147459577,1.2178643776516844,1.313384372319503,1.4011370830020862,1.1139489945369532,1.2178144888729154,1.3132148425558174,1.4006798274208279,0.0006831611792001979,0.003549364305168723,0.012101145337055641,0.03280090038034089,1.0,1.0,1.0,1.0
1.217908744705499,1.313535636636216,1.4015470942568404,1.481695999716989,1.2178643776516844,1.313384372319503,1.4011370830020862,1.4807533995186888,1.2178144888729154,1.3132148425558174,1.4006798274208279,1.479709358311696,0.003549364305168723,0.012101145337055641,0.03280090038034089,0.07540801586401358,1.0,1.0,1.0,1.0
1.313535636636216,1.4015470942568404,1.481695999716989,1.552606446965398,1.313384372319503,1.4011370830020862,1.4807533995186888,1.5507128432276325,1.3132148425558174,1.4006798274208279,1.479709358311696,1.5486344679391528,0.012101145337055641,0.03280090038034089,0.07540801586401358,0.1514882990212385,1.0,1.0,1.0,1.0
1.4015470942568404,1.481695999716989,1.552606446965398,1.5998331633226002,1.4011370830020862,1.4807533995186888,1.5507128432276325,1.596474461665468,1.4006798274208279,1.479709358311696,1.5486344679391528,1.5928309516136516,0.03280090038034089,0.07540801586401358,0.1514882990212385,0.2686961325705717,1.0,1.0,1.0,1.0
1.481695999716989,1.552606446965398,1.5998331633226002,1.0,1.4807533995186888,1.5507128432276325,1.596474461665468,1.0,1.479709358311696,1.5486344679391528,1.5928309516136516,1.0,0.07540801586401358,0.1514882990212385,0.2686961325705717,0.0,1.0,1.0,1.0,1.0
0.0,0.0,1.0,1.1139747353833118,0.0,0.0,1.0,1.1139671542606977,0.0,0.0,1.0,1.1139586147459577,0.0,0.0,0.0,0.0006064898091295845,0.0,0.0,1.0,1.0
0.0,1.0,1.1139747353833118,1.2179482018204277,0.0,1.0,1.1139671542606977,1.217908744705499,0.0,1.0,1.1139586147459577,1.2178643776516844,0.0,0.0,0.0006064898091295845,0.003156569194295855,0.0,1.0,1.0,1.0
1.0,1.1139747353833118,1.2179482018204277,1.3136705840128113,1.0,1.1139671542606977,1.217908744705499,1.313535636636216,1.0,1.1139586147459577,1.2178643776516844,1.313384372319503,0.0,0.0006064898091295845,0.003156569194295855,0.010795790127620108,1.0,1.0,1.0,1.0
1.1139747353833118,1.2179482018204277,1.3136705840128113,1.4019146002411198,1.1139671542606977,1.217908744705499,1.313535636636216,1.4015470942568404,1.1139586147459577,1.2178643776516844,1.313384372319503,1.4011370830020862,0.0006064898091295845,0.003156569194295855,0.010795790127620108,0.029400478742349634,1.0,1.0,1.0,1.0
1.2179482018204277,1.3136705840128113,1.4019146002411198,1.4825463931598803,1.217908744705499,1.313535636636216,1.4015470942568404,1.481695999716989,1.2178643776516844,1.313384372319503,1.4011370830020862,1.4807533995186888,0.003156569194295855,0.010795790127620108,0.029400478742349634,0.0680314754313116,1.0,1.0,1.0,1.0
1.3136705840128113,1.4019146002411198,1.4825463931598803,1.5543296451664395,1.313535636636216,1.4015470942568404,1.481695999716989,1.552606446965398,1.313384372319503,1.4011370830020862,1.4807533995186888,1.5507128432276325,0.010795790127620108,0.029400478742349634,0.0680314754313116,0.13785585608331985,1.0,1.0,1.0,1.0
1.4019146002411198,1.4825463931598803,1.5543296451664395,1.6029237773477778,1.4015470942568404,1.481695999716989,1.552606446965398,1.5998331633226002,1.4011370830020862,1.4807533995186888,1.5507128432276325,1.596474461665468,0.029400478742349634,0.0680314754313116,0.13785585608331985,0.24724912201421034,1.0,1.0,1.0,1.0
1.4825463931598803,1.5543296451664395,1.6029237773477778,1.0,1.481695999716989,1.552606446965398,1.5998331633226002,1.0,1.4807533995186888,1.5507128432276325,1.596474461665468,1.0,0.0680314754313116,0.13785585608331985,0.24724912201421034,0.0,1.0,1.0,1.0,1.0
0.0,0.0,1.0,1.1139814662490148,0.0,0.0,1.0,1.1139747353833118,0.0,0.0,1.0,1.1139671542606977,0.0,0.0,0.0,0.0005384692562415694,0.0,0.0,1.0,1.0
0.0,1.0,1.1139814662490148,1.2179832929432926,0.0,1.0,1.1139747353833118,1.2179482018204277,0.0,1.0,1.1139671542606977,1.217908744705499,0.0,0.0,0.0005384692562415694,0.002807289829185322,0.0,1.0,1.0,1.0
1.0,1.1139814662490148,1.2179832929432926,1.3137909584103573,1.0,1.1139747353833118,1.2179482018204277,1.3136705840128113,1.0,1.1139671542606977,1.217908744705499,1.313535636636216,0.0,0.0005384692562415694,0.002807289829185322,0.009629951803677983,1.0,1.0,1.0,1.0
1.1139814662490148,1.2179832929432926,1.3137909584103573,1.402243888051401,1.1139747353833118,1.2179482018204277,1.3136705840128113,1.4019146002411198,1.1139671542606977,1.217908744705499,1.313535636636216,1.4015470942568404,0.0005384692562415694,0.002807289829185322,0.009629951803677983,0.026343024822494954,1.0,1.0,1.0,1.0
1.2179832929432926,1.3137909584103573,1.402243888051401,1.4833130741508942,1.2179482018204277,1.3136705840128113,1.4019146002411198,1.4825463931598803,1.217908744705499,1.313535636636216,1.4015470942568404,1.481695999716989,0.002807289829185322,0.009629951803677983,0.026343024822494954,0.06133447928110769,1.0,1.0,1.0,1.0
1.3137909584103573,1.402243888051401,1.4833130741508942,1.5558960135615407,1.3136705840128113,1.4019146002411198,1.4825463931598803,1.5543296451664395,1.313535636636216,1.4015470942568404,1.481695999716989,1.552606446965398,0.009629951803677983,0.026343024822494954,0.06133447928110769,0.12530947160810157,1.0,1.0,1.0,1.0
1.402243888051401,1.4833130741508942,1.5558960135615407,1.6057628940746318,1.4019146002411198,1.4825463931598803,1.5543296451664395,1.6029237773477778,1.4015470942568404,1.481695999716989,1.552606446965398,1.5998331633226002,0.026343024822494954,0.06133447928110769,0.12530947160810157,0.2271293381483197,1.0,1.0,1.0,1.0
1.4833130741508942,1.5558960135615407,1.6057628940746318,1.0,1.4825463931598803,1.5543296451664395,1.6029237773477778,1.0,1.481695999716989,1.552606446965398,1.5998331633226002,1.0,0.06133447928110769,0.12530947160810157,0.2271293381483197,0.0,1.0,1.0,1.0,1.0
0.0,0.0,1.0,1.1139874429089875,0.0,0.0,1.0,1.1139814662490148,0.0,0.0,1.0,1.1139747353833118,0.0,0.0,0.0,0.00047813279781649953,0.0,0.0,1.0,1.0
0.0,1.0,1.1139874429089875,1.218014501704745,0.0,1.0,1.1139814662490148,1.2179832929432926,0.0,1.0,1.1139747353833118,1.2179482018204277,0.0,0.0,0.00047813279781649953,0.0024967009161969145,0.0,1.0,1.0,1.0
1.0,1.1139874429089875,1.218014501704745,1.313898320134799,1.0,1.1139814662490148,1.2179832929432926,1.3137909584103573,1.0,1.1139747353833118,1.2179482018204277,1.3136705840128113,0.0,0.00047813279781649953,0.0024967009161969145,0.008588937955327225,1.0,1.0,1.0,1.0
1.1139874429089875,1.218014501704745,1.313898320134799,1.4025388319371037,1.1139814662490148,1.2179832929432926,1.3137909584103573,1.402243888051401,1.1139747353833118,1.2179482018204277,1.3136705840128113,1.4019146002411198,0.00047813279781649953,0.0024967009161969145,0.008588937955327225,0.023595510856218027,1.0,1.0,1.0,1.0
1.218014501704745,1.313898320134799,1.4025388319371037,1.4840038392452757,1.2179832929432926,1.3137909584103573,1.402243888051401,1.4833130741508942,1.2179482018204277,1.3136705840128113,1.4019146002411198,1.4825463931598803,0.0024967009161969145,0.008588937955327225,0.023595510856218027,0.055261207550518776,1.0,1.0,1.0,1.0
1.313898320134799,1.4025388319371037,1.4840038392452757,1.5573183249572986,1.3137909584103573,1.402243888051401,1.4833130741508942,1.5558960135615407,1.3136705840128113,1.4019146002411198,1.4825463931598803,1.5543296451664395,0.008588937955327225,0.023595510856218027,0.055261207550518776,0.11378491166063043,1.0,1.0,1.0,1.0
1.4025388319371037,1.4840038392452757,1.5573183249572986,1.6083668176914794,1.402243888051401,1.4833130741508942,1.5558960135615407,1.6057628940746318,1.4019146002411198,1.4825463931598803,1.5543296451664395,1.6029237773477778,0.023595510856218027,0.055261207550518776,0.11378491166063043,0.20831388934780648,1.0,1.0,1.0,1.0
1.4840038392452757,1.5573183249572986,1.6083668176914794,1.0,1.4833130741508942,1.5558960135615407,1.6057628940746318,1.0,1.4825463931598803,1.5543296451664395,1.6029237773477778,1.0,0.055261207550518776,0.11378491166063043,0.20831388934780648,0.0,1.0,1.0,1.0,1.0
0.0,0.0,1.0,1.1139927502513018,0.0,0.0,1.0,1.1139874429089875,0.0,0.0,1.0,1.1139814662490148,0.0,0.0,0.0,0.00042458738514383754,0.0,0.0,1.0,1.0
0.0,1.0,1.1139927502513018,1.2180422581096468,0.0,1.0,1.1139874429089875,1.218014501704745,0.0,1.0,1.1139814662490148,1.2179832929432926,0.0,0.0,0.00042458738514383754,0.0022205123921459347,0.0,1.0,1.0,1.0
1.0,1.1139927502513018,1.2180422581096468,1.3139940646994102,1.0,1.1139874429089875,1.218014501704745,1.313898320134799,1.0,1.1139814662490148,1.2179832929432926,1.3137909584103573,0.0,0.00042458738514383754,0.0022205123921459347,0.0076595651689004285,1.0,1.0,1.0,1.0
1.1139927502513018,1.2180422581096468,1.3139940646994102,1.4028029297434448,1.1139874429089875,1.218014501704745,1.313898320134799,1.4025388319371037,1.1139814662490148,1.2179832929432926,1.3137909584103573,1.402243888051401,0.00042458738514383754,0.0022205123921459347,0.0076595651689004285,0.021127824507285453,1.0,1.0,1.0,1.0
1.2180422581096468,1.3139940646994102,1.4028029297434448,1.4846258302492505,1.218014501704745,1.313898320134799,1.4025388319371037,1.4840038392452757,1.2179832929432926,1.3137909584103573,1.402243888051401,1.4833130741508942,0.0022205123921459347,0.0076595651689004285,0.021127824507285453,0.04975928031798915,1.0,1.0,1.0,1.0
1.3139940646994102,1.4028029297434448,1.4846258302492505,1.558608549226032,1.313898320134799,1.4025388319371037,1.4840038392452757,1.5573183249572986,1.3137909584103573,1.402243888051401,1.4833130741508942,1.5558960135615407,0.0076595651689004285,0.021127824507285453,0.04975928031798915,0.10321794149867003,1.0,1.0,1.0,1.0
1.4028029297434448,1.4846258302492505,1.558608549226032,1.6107514376993317,1.4025388319371037,1.4840038392452757,1.5573183249572986,1.6083668176914794,1.402243888051401,1.4833130741508942,1.5558960135615407,1.6057628940746318,0.021127824507285453,0.04975928031798915,0.10321794149867003,0.1907696006281867,1.0,1.0,1.0,1.0
1.4846258302492505,1.558608549226032,1.6107514376993317,1.0,1.4840038392452757,1.5573183249572986,1.6083668176914794,1.0,1.4833130741508942,1.5558960135615407,1.6057628940746318,1.0,0.04975928031798915,0.10321794149867003,0.1907696006281867,0.0,1.0,1.0,1.0,1.0
0.0,0.0,1.0,1.1139974637577938,0.0,0.0,1.0,1.1139927502513018,0.0,0.0,1.0,1.1139874429089875,0.0,0.0,0.0,0.00037708051936036213,0.0,0.0,1.0,1.0
0.0,1.0,1.1139974637577938,1.2180669444861594,0.0,1.0,1.1139927502513018,1.2180422581096468,0.0,1.0,1.1139874429089875,1.218014501704745,0.0,0.0,0.00037708051936036213,0.0019749101210031483,0.0,1.0,1.0,1.0
1.0,1.1139974637577938,1.2180669444861594,1.3140794398360829,1.0,1.1139927502513018,1.2180422581096468,1.3139940646994102,1.0,1.1139874429089875,1.218014501704745,1.313898320134799,0.0,0.00037708051936036213,0.0019749101210031483,0.006830010933818187,1.0,1.0,1.0,1.0
1.1139974637577938,1.2180669444861594,1.3140794398360829,1.4030393367267224,1.1139927502513018,1.2180422581096468,1.3139940646994102,1.4028029297434448,1.1139874429089875,1.218014501704745,1.313898320134799,1.4025388319371037,0.00037708051936036213,0.0019749101210031483,0.006830010933818187,0.018912558662211865,1.0,1.0,1.0,1.0
1.2180669444861594,1.3140794398360829,1.4030393367267224,1.4851855772142837,1.2180422581096468,1.3139940646994102,1.4028029297434448,1.4846258302492505,1.218014501704745,1.313898320134799,1.4025388319371037,1.4840038392452757,0.0019749101210031483,0.006830010933818187,0.018912558662211865,0.04477975720265093,1.0,1.0,1.0,1.0
1.3140794398360829,1.4030393367267224,1.4851855772142837,1.5597778635988653,1.3139940646994102,1.4028029297434448,1.4846258302492505,1.558608549226032,1.313898320134799,1.4025388319371037,1.4840038392452757,1.5573183249572986,0.006830010933818187,0.018912558662211865,0.04477975720265093,0.09354514982666373,1.0,1.0,1.0,1.0
1.4030393367267224,1.4851855772142837,1.5597778635988653,1.6129321257645957,1.4028029297434448,1.4846258302492505,1.558608549226032,1.6107514376993317,1.4025388319371037,1.4840038392452757,1.5573183249572986,1.6083668176914794,0.018912558662211865,0.04477975720265093,0.09354514982666373,0.17445504522111577,1.0,1.0,1.0,1.0
1.4851855772142837,1.5597778635988653,1.6129321257645957,1.0,1.4846258302492505,1.558608549226032,1.6107514376993317,1.0,1.4840038392452757,1.5573183249572986,1.6083668176914794,1.0,0.04477975720265093,0.09354514982666373,0.17445504522111577,0.0,1.0,1.0,1.0,1.0
