x_00,x_01,x_02,x_03,x_04,x_05,x_06,x_07,x_08,x_09,x_10,x_11,x_12,x_13,x_14,x_15,x_16,x_17,x_18,x_19
0.3735609857835667,0.19428646199233007,-0.415036074290127,-0.3948571446342797,0.37553570623597565,0.18685322991163794,-0.4519333259881501,-0.438534500517372,0.37710476193808673,0.1781254078413942,-0.4898343792940278,-0.48147666271168943,-0.10149039223733092,0.7203812006353254,1.2164115663930237,1.4444813491961932,0.5773502691896258,0.3779644730092272,0.0,0.0
0.7912181855720246,0.6324764569098699,0.6344014415089769,0.5808382577133955,0.7845987073048117,0.6193774122602419,0.594805882415706,0.5400744175160052,0.7773290251783768,0.6057622031468118,0.5549559388345132,0.49984189600398243,1.105743886657257,1.3568802694863875,1.3562698980607792,1.3928797447133034,0.5773502691896258,0.3779644730092272,0.0,0.0
-1.6853961621147517,-2.4869053939664756,-1.4342413732836023,-0.7578054529991578,-1.6851933855091064,-2.4861465746996094,-1.405821256274396,-0.7287066073429109,-1.684907376461582,-2.485154555734287,-1.3755939282706997,-0.6981933605386135,-0.6561963627993935,-0.8168502699337472,-1.0196220681146897,-1.0104704695638216,-1.7320508075688774,-2.6457513110645903,0.0,0.0
0.8111571062488109,0.6208947587109498,0.5089197461473547,-1.4342413732836028,0.7986799910188461,0.6040522270470103,0.46796904141990125,-1.4058212562743961,0.7858495062631311,0.5871979806069538,0.4276491113634301,-1.3755939282706997,1.8293953623297654,1.6867054090837712,1.3957490214994581,-1.0196220681146897,0.5773502691896258,0.3779644730092272,0.0,0.0
0.40520647067055265,0.34653623914011283,0.42957253763204034,0.9500410255849404,0.4117946822966325,0.3567520199775342,0.4594835129124477,0.9787789939765333,0.41869645153545104,0.3673829844829267,0.49007948162675957,1.007712881464188,-0.6537016775755542,-0.805189420162361,-0.9817014570083451,-0.9178731805733417,0.5773502691896258,0.3779644730092272,0.0,0.0
1.0618158860981952,1.0471168864436402,1.8069552406244318,-1.4342413732836028,1.065257554322811,1.048530056680857,1.796594620812953,-1.4058212562743961,1.0685671382052857,1.0494790202408675,1.7838292170714969,-1.3755939282706997,-0.023003627493891968,0.18966191965585105,0.4322386467322014,-1.0196220681146897,0.5773502691896258,0.3779644730092272,0.0,0.0
-1.6853961621147517,-2.4869053939664756,-1.4342413732836023,-0.8565154134937317,-1.6851933855091064,-2.4861465746996094,-1.405821256274396,-0.8416437245749735,-1.684907376461582,-2.485154555734287,-1.3755939282706997,-0.8274732155327976,-0.6561963627993935,-0.8168502699337472,-1.0196220681146897,-0.538545327695497,-1.7320508075688774,-2.6457513110645903,0.0,0.0
0.1913528120645616,0.10455808355911968,-0.14229028316444894,0.4156730706548161,0.19730615627801446,0.11402000240282813,-0.11290691182223649,0.4439023874703615,0.203551943477038,0.12388841100126585,-0.08250636992201413,0.4726268380049687,-0.6561963627993935,-0.8109728683559857,-0.9909857743214993,-0.9260248343882628,0.5773502691896258,0.3779644730092272,0.0,0.0
0.7083105605785902,0.5834265537655589,0.5931952705518532,0.6344014415089752,0.7078100834262138,0.5767036144241643,0.562152709186005,0.5948058824157061,0.7068366931308089,0.5691676499962356,0.5296993094097392,0.5549559388345132,0.3265467093584366,0.774382789165733,1.067820857073028,1.3562698980607795,0.5773502691896258,0.3779644730092272,0.0,0.0
-1.6853961621147517,-0.16024426536639438,-0.7659972844116963,-0.18577252781686274,-1.6851933855091064,-0.1516123868364875,-0.7379882483962218,-0.16184537300997956,-1.684907376461582,-0.14258369955428382,-0.7087078741962665,-0.1375491490447972,-0.6561963627993935,-0.8168502699337472,-0.974350416723508,-0.8102643263742207,-1.7320508075688774,0.3779644730092272,0.0,0.0
0.5947642878909124,0.547140336189914,0.8147758676124265,1.1452391467814065,0.6011774292809492,0.555217809790734,0.8290096023331998,1.1453634345296768,0.6078263102494476,0.5633863410891136,0.8421461519831706,1.1434487262586186,-0.5612822886407383,-0.554357141864908,-0.43838980187972254,0.04982375337217708,0.5773502691896258,0.3779644730092272,0.0,0.0
0.3907842959438251,0.2687098214275722,-0.07494253460836459,0.0254803393700962,0.3953492312613901,0.26932000850155635,-0.09343796110015878,-0.010509348636737408,0.39992926342303403,0.2692280740676737,-0.11421942884763993,-0.04740489888617662,-0.41172959823319627,0.026630105539921074,0.6160231738581804,1.2067763376905574,0.5773502691896258,0.3779644730092272,0.0,0.0
-1.6853961621147517,-2.4869053939664756,-1.4342413732836023,-0.7915188419209509,-1.6851933855091064,-2.4861465746996094,-1.405821256274396,-0.7670526552954098,-1.684907376461582,-2.485154555734287,-1.3755939282706997,-0.741812206046579,-0.6561963627993935,-0.8168502699337472,-1.0196220681146897,-0.8568758733681041,-1.7320508075688774,-2.6457513110645903,0.0,0.0
-1.6853961621147517,-2.4869053939664756,-1.4342413732836023,-0.7563145072627998,-1.6851933855091064,-2.4861465746996094,-1.405821256274396,-0.7270223797954194,-1.684907376461582,-2.485154555734287,-1.3755939282706997,-0.696291464080902,-0.6561963627993935,-0.8168502699337472,-1.0196220681146897,-1.0168747001120113,-1.7320508075688774,-2.6457513110645903,0.0,0.0
0.1913528120645616,0.09991098367539657,-0.19902115684608102,0.24904161836956143,0.19730615627801446,0.10874241703257294,-0.1767394160954755,0.2587699437774127,0.203551943477038,0.11789223176053164,-0.1542784818792455,0.26726789974778065,-0.6561963627993935,-0.7562354976430704,-0.7557711307033534,-0.3141375073699298,0.5773502691896258,0.3779644730092272,0.0,0.0
0.900667180204204,0.8483237050216575,1.3573356847894475,1.3951393667258627,0.9033124677346097,0.8478608819887559,1.341420461996777,1.3663247554635474,0.9057604763739492,0.846825810732596,1.3232399351249444,1.3359510258291871,0.013994027371862115,0.29680271399739594,0.597110317358433,1.0309934684262123,0.5773502691896258,0.3779644730092272,0.0,0.0
0.9449559092957709,0.9604990929772794,1.8540944370866537,2.1351213839425767,0.952446531223264,0.9707228602713095,1.8758582123059477,2.148550170598228,0.9602194978812982,0.981169462663506,1.8965716027871262,2.16016825761796,-0.5618269111749297,-0.6209180783083932,-0.6416355806483952,-0.349184100282672,0.5773502691896258,0.3779644730092272,0.0,0.0
0.40336827053168356,0.33526311466131975,0.3394097636881269,0.7348548796925536,0.409711688586186,0.34403462783040706,0.3588206952929792,0.7414551874620666,0.41633521525237893,0.35303633491144,0.3778219051769025,0.7464631901001958,-0.6244607357997877,-0.6799904438643066,-0.6342234650937791,-0.18645434598193933,0.5773502691896258,0.3779644730092272,0.0,0.0
0.9387969005561363,0.9433051479253509,1.768131631940324,1.9878312703302452,0.9455656572309947,0.9516598983431845,1.7817373095211995,1.9894345725333864,0.9525352574867972,0.9600530241760965,1.7937285509744478,1.9887432933473528,-0.4758757001828917,-0.4596839518016837,-0.37240962789703497,0.04000022474424386,0.5773502691896258,0.3779644730092272,0.0,0.0
0.44781137455502734,0.15958207169972952,-0.6160425450351911,-0.6162846655395219,0.43178034765502327,0.14016808037163386,-0.6609532370108754,-0.6611263181621525,0.41560612127629615,0.12094243822283594,-0.7046224428306934,-0.7047369129761141,2.127791920938307,1.7766743402057037,1.4753686033716562,1.4730445236167764,0.5773502691896258,0.3779644730092272,0.0,0.0
0.4251107431398444,0.13055219187431247,-0.6904201121360088,-0.6905929500574861,0.40869111348965453,0.11100967064075301,-0.7354384880806324,-0.7355528577887763,0.3922318020067924,0.09166927805160056,-0.7791742823853074,-0.7792431292688158,2.1667998940525446,1.7793719683528562,1.475469584923144,1.4735028810509625,0.5773502691896258,0.3779644730092272,0.0,0.0
0.7797804964902381,0.774019750143309,1.4321352574629043,1.854094437086651,0.7872520935727231,0.7848558474515694,1.4589722201300834,1.875858212305948,0.7950454320446789,0.7960371868209809,1.4854884843776586,1.8965716027871262,-0.6213809023625112,-0.7316238888233527,-0.8314675292664782,-0.6416355806483953,0.5773502691896258,0.3779644730092272,0.0,0.0
0.7046374269103116,0.4786227069254627,0.14907423574772602,-1.4342413732836028,0.6895625180583271,0.46044240933459846,0.10785713634795172,-1.4058212562743961,0.6744320820340317,0.4424431479925887,0.06759208427398135,-1.3755939282706997,2.1071078716127487,1.7629526227071741,1.3877093668040927,-1.0196220681146897,0.5773502691896258,0.3779644730092272,0.0,0.0
0.40527862861332703,0.3470016012211519,0.4336396342265371,0.9611032040232834,0.41187621426400906,0.3572770629226109,0.4640486011383446,0.9911366592950208,0.4187885947491912,0.3679754061870878,0.49520007592105253,1.0215050113528572,-0.6548207563553504,-0.8103631070408042,-0.998191353598944,-0.9607476578391855,0.5773502691896258,0.3779644730092272,0.0,0.0
0.8289407032237774,0.700086762731351,0.8400909350292985,0.7952342793691625,0.8251162065639672,0.6899690997819171,0.8043655410706345,0.7555535792692982,0.8207041428479005,0.679188304521165,0.7677531956614588,0.7160139481206039,0.7781486210679773,1.1117928775881079,1.2363242013856492,1.3667036706066071,0.5773502691896258,0.3779644730092272,0.0,0.0
-1.6853961621147517,-2.4869053939664756,-1.4342413732836023,-1.1571505062857703,-1.6851933855091064,-2.4861465746996094,-1.405821256274396,-1.1899335099175945,-1.684907376461582,-2.485154555734287,-1.3755939282706997,-1.228283212940607,-0.6561963627993935,-0.8168502699337472,-1.0196220681146897,1.0436097012843901,-1.7320508075688774,-2.6457513110645903,0.0,0.0
0.3976165375706879,0.30312629542829206,0.12118879061441194,0.32242073876767313,0.4031632514990058,0.3078650002456881,0.11856427551639247,0.29907609260066775,0.40887487912285914,0.31234448119260194,0.11396236557557078,0.27375865967033597,-0.5292068002793683,-0.33059765990698836,0.09362836541149286,0.7971932332587516,0.5773502691896258,0.3779644730092272,0.0,0.0
0.40476920780672376,0.34377289591168037,0.40627483708247875,0.8899841486164782,0.41130002289624523,0.3536340008865982,0.43338201041814944,0.9120112883676872,0.4181367102232781,0.3638645612306039,0.4608609337866714,0.933579089696312,-0.6468479251257827,-0.7744421738799835,-0.8888785396143253,-0.6959063298884794,0.5773502691896258,0.3779644730092272,0.0,0.0
0.1913528120645616,0.08916106955606967,-0.3154817281229335,-0.02945804321217756,0.19730615627801446,0.09646533887853928,-0.3071983980633499,-0.04460951571576981,0.203551943477038,0.10385988538486708,-0.300208148719794,-0.06205812334202538,-0.6561963627993935,-0.623497910499324,-0.29234524919876914,0.5061522500606483,0.5773502691896258,0.3779644730092272,0.0,0.0
1.0747294385150101,1.0761226879448544,1.9224202118120866,-1.4342413732836028,1.0794697708989893,1.0799983035578133,1.919390499847857,-1.4058212562743961,1.084187688020716,1.0835457608296402,1.913974576313607,-1.3755939282706997,-0.1769464623144747,-0.020851389638866544,0.19211247399264755,-1.0196220681146897,0.5773502691896258,0.3779644730092272,0.0,0.0
0.40209204083869826,0.10149211691574754,-0.7648006895735817,-0.7649148985587296,0.3853905611029307,0.08183693803108424,-0.8099249150884582,-0.8099937015650066,0.3687322278118643,0.06239014442736513,-0.8537265542878489,-0.8537632962222251,2.192636634397305,1.7806472565722302,1.4755089762552227,1.4739820385187061,0.5773502691896258,0.3779644730092272,0.0,0.0
0.3311209735606882,0.014232960155628947,-0.9879475647203971,-0.9879469592004627,0.3146025315833718,-0.005709516107083235,-1.0333859564679906,-1.0333858469957558,0.2978728506707075,-0.025456212026442028,-1.077383959628604,-1.0773839443451554,2.143669534691348,1.779937260392843,1.475513602260581,1.475530247309132,0.5773502691896258,0.3779644730092272,0.0,0.0
0.5997791282497338,0.5670085911600417,0.939863738361231,1.397433313861134,0.6068337703208893,0.5774779932138935,0.9674286882499148,1.4205525863649158,0.6142066741095124,0.5883161510029293,0.9950675219572664,1.4430138567206114,-0.6378363989899754,-0.7613448021496674,-0.8790594096795459,-0.7085689733387153,0.5773502691896258,0.3779644730092272,0.0,0.0
0.9019252265086007,0.7546996855810282,0.8658850692308995,-1.4342413732836028,0.893399259940997,0.7406527913428339,0.8267918728872776,-1.4058212562743961,0.8843268964226012,0.7262782154429912,0.7876789850602679,-1.3755939282706997,1.3803143802068805,1.4781003635403316,1.3503541022437116,-1.0196220681146897,0.5773502691896258,0.3779644730092272,0.0,0.0
0.8590984808858627,0.7587510951653398,1.0318357647809655,1.0051592997757992,0.8578040916378573,0.751912078316163,1.0015627390269308,0.9676657904228493,0.8560377599499176,0.7443576294052622,0.9697877751312663,0.9297921849257113,0.48010409975904605,0.8375421421551226,1.062720832909204,1.3033335693128065,0.5773502691896258,0.3779644730092272,0.0,0.0
0.1913528120645616,0.10461640884891103,-0.1415311697814565,0.41816745490569524,0.19730615627801446,0.11408601203822452,-0.11205204080766026,0.4466965186779504,0.203551943477038,0.12396313309632805,-0.08154417132196849,0.4757541071820806,-0.6561963627993935,-0.8116394982951078,-0.9941576588446289,-0.9359481099626299,0.5773502691896258,0.3779644730092272,0.0,0.0
-1.6853961621147517,-0.16024426536639438,-0.757805452999157,-0.14639756702664536,-1.6851933855091064,-0.1516123868364875,-0.7287066073429108,-0.11753224256083902,-1.684907376461582,-0.14258369955428382,-0.6981933605386135,-0.08771226960288325,-0.6561963627993935,-0.8168502699337472,-1.0104704695638214,-0.9738259656967148,-1.7320508075688774,0.3779644730092272,0.0,0.0
-1.6853961621147517,-2.4869053939664756,-1.4342413732836023,-0.8331854075679639,-1.6851933855091064,-2.4861465746996094,-1.405821256274396,-0.8147944179572904,-1.684907376461582,-2.485154555734287,-1.3755939282706997,-0.796546889675455,-0.6561963627993935,-0.8168502699337472,-1.0196220681146897,-0.6553343523832581,-1.7320508075688774,-2.6457513110645903,0.0,0.0
-1.6853961621147517,-0.16024426536639438,-0.7558889139073706,-0.13661383645401418,-1.6851933855091064,-0.1516123868364875,-0.7265422587586651,-0.10651471109262765,-1.684907376461582,-0.14258369955428382,-0.6957500550607916,-0.0753119018265778,-0.6561963627993935,-0.8168502699337472,-1.0186811945163596,-1.0146943651533213,-1.7320508075688774,0.3779644730092272,0.0,0.0
0.5441968349459122,0.38902116270103637,0.08978538784181733,0.121783994914361,0.5443725433471188,0.3816672117764352,0.055954680464479746,0.08002438198974046,0.544054005589835,0.37333643191391336,0.02094331543299069,0.038475175742228036,0.18239083090387206,0.7719942400939515,1.137486618284572,1.4045958985631848,0.5773502691896258,0.3779644730092272,0.0,0.0
0.5921421588442742,0.5372921539108675,0.7576179782592324,1.0422430369569289,0.5982207563407905,0.544225746392154,0.7663275030304014,1.0347043505364986,0.6044924090798193,0.5511269800883323,0.7735682123166594,1.0249595323936889,-0.5213617437199561,-0.45547482088789015,-0.2560354009009035,0.30166120365823396,0.5773502691896258,0.3779644730092272,0.0,0.0
-1.6853961621147517,-0.16024426536639438,-0.7628261874609583,-0.17086581347978239,-1.6851933855091064,-0.1516123868364875,-0.7343911610662174,-0.14507678380057695,-1.684907376461582,-0.14258369955428382,-0.7046280742097075,-0.11870046026823045,-0.6561963627993935,-0.8168502699337472,-0.9884706679975821,-0.8719303191035771,-1.7320508075688774,0.3779644730092272,0.0,0.0
0.7268473372112538,0.5074112301183624,0.22093712042319577,-1.4342413732836028,0.7121635322763361,0.4894164118907816,0.1797225069525661,-1.4058212562743961,0.6973667325741986,0.4715781042649044,0.13941374758695949,-1.3755939282706997,2.067610254285847,1.7551115790086642,1.3910137442716035,-1.0196220681146897,0.5773502691896258,0.3779644730092272,0.0,0.0
0.599271753117679,0.564912829085467,0.9258277511890178,1.3666736403264157,0.6062614565050318,0.5751239335789532,0.9518007705433632,1.3866275310860254,0.6135610398132291,0.5856724566425972,0.9776873444394567,1.4056613474544095,-0.6300867751589186,-0.7389778019613342,-0.8263949104875237,-0.6039856909942243,0.5773502691896258,0.3779644730092272,0.0,0.0
0.1913528120645616,0.10103686437842928,-0.18577252781686154,0.28541039320583367,0.19730615627801446,0.11002340998346719,-0.16184537300997953,0.2989396777052717,0.203551943477038,0.11935049318062337,-0.1375491490447972,0.3115382057760793,-0.6561963627993935,-0.7697072462795106,-0.8102643263742206,-0.4397468135457421,0.5773502691896258,0.3779644730092272,0.0,0.0
-1.6853961621147517,-0.16024426536639438,-0.7612805393138655,-0.16346188345156318,-1.6851933855091064,-0.1516123868364875,-0.7326395657738559,-0.13674432969836708,-1.684907376461582,-0.14258369955428382,-0.7026434256485151,-0.10932942320312314,-0.6561963627993935,-0.8168502699337472,-0.9952965806115116,-0.9026848031765223,-1.7320508075688774,0.3779644730092272,0.0,0.0
0.4006539281605167,0.3196471499710768,0.2280105877308291,0.5104239131002861,0.40662568232484386,0.32644046274424426,0.2355991079675514,0.4988435692534722,0.4128246894016297,0.3332180908374141,0.24180214720695983,0.48508650271891995,-0.5800362749865396,-0.5085593423887844,-0.24345016572086606,0.4119776078172164,0.5773502691896258,0.3779644730092272,0.0,0.0
0.7747947132888482,0.7577813430967898,1.3406685502469653,1.680369577275163,0.7816530932752674,0.7667350133453869,1.3580328887625248,1.6864317384654077,0.788758661032269,0.7758269131635859,1.3742795011955395,1.690494905679835,-0.5482739878142683,-0.5689078426578034,-0.5184672937333957,-0.12385560912706708,0.5773502691896258,0.3779644730092272,0.0,0.0
0.1913528120645616,0.10485121271509726,-0.13844991678781904,0.4284420954106312,0.19730615627801446,0.11435162101393467,-0.10858217525379166,0.4582151926849353,0.203551943477038,0.1242636512777789,-0.07763871559122996,0.488657473880967,-0.6561963627993935,-0.8143115956195973,-1.0070300708949862,-0.9771361374425661,0.5773502691896258,0.3779644730092272,0.0,0.0
0.1913528120645616,0.09272220742620728,-0.27863396048368205,0.05191654164342624,0.19730615627801446,0.1005402699542732,-0.2660206274153207,0.043256841757194915,0.203551943477038,0.10852707106176714,-0.25427602926928894,0.03240170246343871,-0.6561963627993935,-0.6681723631426947,-0.4356537799831943,0.29252821997951095,0.5773502691896258,0.3779644730092272,0.0,0.0
0.3508802326579003,0.11581094177164475,-0.6930670212634312,-0.6905098462277571,0.34926554687059874,0.10164929400666217,-0.7366917913445874,-0.7354707892820153,0.34662377291960905,0.08623853031962186,-0.7796984570610148,-0.7791844169363826,0.3288700246967116,1.2958254203861619,1.4286620851743466,1.4735414796413682,0.5773502691896258,0.3779644730092272,0.0,0.0
0.1913528120645616,0.09418326083768282,-0.2630601012400948,0.08800194957092038,0.19730615627801446,0.1022100851419762,-0.24858759063477118,0.08242808563954081,0.203551943477038,0.11043699647033484,-0.23479234843358013,0.07475672226065527,-0.6561963627993935,-0.6863200024239134,-0.4971979683976097,0.19086060381566627,0.5773502691896258,0.3779644730092272,0.0,0.0
0.4024849908817695,0.33007552943124374,0.3010475378018379,0.6535966372710804,0.40870849629914074,0.33818643138372784,0.31625052633607037,0.6530746814613549,0.4151952603763577,0.34644431809648757,0.3306640939549243,0.6506235167781044,-0.6101305688950144,-0.6227335663395003,-0.49507506534937684,0.048295225376442215,0.5773502691896258,0.3779644730092272,0.0,0.0
0.945645625774772,0.9624776703448712,1.864348487476343,2.153512368757961,0.9532183772224664,0.9729233926597278,1.8871421338346914,2.168564561772943,0.9610830064453194,0.9836152031676583,1.9089674480666097,2.181898879189003,-0.5716100549773334,-0.6400844987085628,-0.6756506118751049,-0.4026976735370328,0.5773502691896258,0.3779644730092272,0.0,0.0
0.946263616334927,0.9642614772046998,1.8736693075900581,2.170406795621786,0.9539102070694764,0.9749086652252924,1.8974106144524843,2.186981427688561,0.9618572960206399,0.9858233109212257,1.9202612789180933,2.2019308466168925,-0.5804064674671773,-0.6574852633087384,-0.7069557610439164,-0.4528996131005816,0.5773502691896258,0.3779644730092272,0.0,0.0
0.7540049074812156,0.6967651674886804,1.0422430369569309,1.205270327062058,0.7584095120442167,0.6993666225087017,1.0347043505364983,1.1817725807481334,0.76278557129068,0.7015470884743764,1.0249595323936889,1.156290096330067,-0.2560526219449244,-0.021699591566154284,0.3016612036582339,0.8439397006502839,0.5773502691896258,0.3779644730092272,0.0,0.0
-1.6853961621147517,-2.4869053939664756,-1.4342413732836023,-0.7560692733752041,-1.6851933855091064,-2.4861465746996094,-1.405821256274396,-0.7267456710967195,-1.684907376461582,-2.485154555734287,-1.3755939282706997,-0.6959793688298821,-0.6561963627993935,-0.8168502699337472,-1.0196220681146897,-1.0179174764322456,-1.7320508075688774,-2.6457513110645903,0.0,0.0
0.94681715196986,0.9658686534987909,1.8821329031956684,2.1859016841157035,0.9545300912214467,0.976698508209999,1.9067445514863663,2.203899629589962,0.9625513161217855,0.9878154178168297,1.9305387771179587,2.220363885869745,-0.5883111707930503,-0.6732654085211052,-0.7357113016518986,-0.4998470370809037,0.5773502691896258,0.3779644730092272,0.0,0.0
0.5868582686154923,0.518247702871546,0.6535966372710822,0.8687902060064081,0.5922654829227052,0.5230407340925686,0.6530746814613548,0.8503554519568451,0.5977810081848868,0.527586736487321,0.6506235167781044,0.8297921503847439,-0.441254854892243,-0.270620322511486,0.04829522537644221,0.6584787917318573,0.5773502691896258,0.3779644730092272,0.0,0.0
0.4917754018642321,0.21743002375161538,-0.46731732919262736,-0.4677037351471796,0.4768812925834906,0.1983670618986723,-0.5119959246842988,-0.5123130146931076,0.4616107298019201,0.17942961258657653,-0.5555241348834301,-0.5557668090417222,2.005257477107554,1.76284834612635,1.474604860497921,1.4722647138130505,0.5773502691896258,0.3779644730092272,0.0,0.0
1.0510040432112953,1.0237224802642662,1.7179736409806026,-1.4342413732836028,1.053402457462509,1.0232920648032415,1.7026558069430566,-1.4058212562743961,1.0555888906320843,1.022318829104877,1.6850191324834702,-1.3755939282706997,0.10049894846034596,0.34676353835091955,0.5940997564730681,-1.0196220681146897,0.5773502691896258,0.3779644730092272,0.0,0.0
-1.6853961621147517,-0.16024426536639438,-0.9834177021372716,-0.8529877243635413,-1.6851933855091064,-0.1516123868364875,-0.9886633589876112,-0.8915174491204059,-1.684907376461582,-0.14258369955428382,-0.9979661258981066,-0.931418794124166,-0.6561963627993935,-0.8168502699337472,0.12935915767877615,1.2504505644903812,-1.7320508075688774,0.3779644730092272,0.0,0.0
-1.6853961621147517,-0.16024426536639438,-0.7573495927900918,-0.14410395620663682,-1.6851933855091064,-0.1516123868364875,-0.7281913744489624,-0.1149493626194954,-1.684907376461582,-0.14258369955428382,-0.69761121033533,-0.0848052255135112,-0.6561963627993935,-0.8168502699337472,-1.0124378341090539,-0.9834077214473217,-1.7320508075688774,0.3779644730092272,0.0,0.0
0.5373589976946028,0.371236883729071,0.02548033937009754,0.04951621590251531,0.5367336298471799,0.362537775128472,-0.010509348636737406,0.0070071290388907075,0.5355332707035734,0.35284892978946936,-0.04740489888617662,-0.03509607543031689,0.2777724324535922,0.8864068448991923,1.2067763376905574,1.4262948852268178,0.5773502691896258,0.3779644730092272,0.0,0.0
0.394951715088713,0.10101538022598208,-0.7648329453822992,-0.7648006895735826,0.38118863810431236,0.0816357301063787,-0.8099350407473745,-0.8099249150884583,0.36654023898799415,0.06231693876651799,-0.8537292699222078,-0.8537265542878489,1.8306989649070844,1.7559709403148884,1.4747661444849771,1.4755089762552227,0.5773502691896258,0.3779644730092272,0.0,0.0
0.5988194399282447,0.5630658901479767,0.9136709573454386,1.340668550246963,0.6057512445674753,0.5730506856963877,0.938287286956056,1.358032888762525,0.6129854588560524,0.5833457323967336,0.9626850995283305,1.3742795011955395,-0.6231772583463063,-0.7193840528212088,-0.7815218729501568,-0.5184672937333957,0.5773502691896258,0.3779644730092272,0.0,0.0
0.9271368207943333,0.9124937271368135,1.624852269078093,1.7636741698879062,0.9325864561695798,0.9177289136580374,1.62651476792194,1.7508297788750382,0.9380974989952036,0.9227372743538628,1.6260176217496853,1.7356129396844204,-0.3189620896145938,-0.1912057883114641,0.020906264817861155,0.5133992143798661,0.5773502691896258,0.3779644730092272,0.0,0.0
0.1913528120645616,0.09659559996150743,-0.23670743167642763,0.15162412766708916,0.19730615627801446,0.1049641322052428,-0.219052076113565,0.15179781944002174,0.203551943477038,0.11358360412790684,-0.20173453050074983,0.15013028955897076,-0.6561963627993935,-0.7160183586946022,-0.6025739781455776,0.0013293422352322814,0.5773502691896258,0.3779644730092272,0.0,0.0
0.1913528120645616,0.10150253199922082,-0.18021547079915815,0.3010475378018364,0.19730615627801446,0.11055287759967942,-0.15559547676350297,0.3162505263360704,0.203551943477038,0.11995278234871508,-0.1305256093245593,0.3306640939549243,-0.6561963627993935,-0.775247602546521,-0.8332109503472291,-0.49507506534937695,0.5773502691896258,0.3779644730092272,0.0,0.0
0.1913528120645616,0.002633817446232965,-0.9206603138785663,-0.9137532906543652,0.19730615627801446,-0.003799594049401416,-0.9620358459350561,-0.9589560226816743,0.203551943477038,-0.012446890998724066,-1.0039715234315585,-1.002845538943121,-0.6561963627993935,0.5736151179825477,1.342588715239764,1.4711170747352422,0.5773502691896258,0.3779644730092272,0.0,0.0
-1.6853961621147517,-0.16024426536639438,-0.7648063081047701,-0.18021547079915934,-1.6851933855091064,-0.1516123868364875,-0.7366367668520031,-0.155595476763503,-1.684907376461582,-0.14258369955428382,-0.7071744422967247,-0.1305256093245593,-0.6561963627993935,-0.8168502699337472,-0.9796708450299877,-0.8332109503472293,-1.7320508075688774,0.3779644730092272,0.0,0.0
0.1913528120645616,-0.05190269381072843,-1.13703333580638,-1.1367144260463808,0.19730615627801446,-0.06703441318827594,-1.1824257375831742,-1.1823603775086242,0.203551943477038,-0.08472417008077818,-1.2264974855875463,-1.2264889686020468,-0.6561963627993935,1.331668308911375,1.4669450653993676,1.4754534542822004,0.5773502691896258,0.3779644730092272,0.0,0.0
0.940118466921229,0.9469307529356676,1.7858379532031239,2.0172599017059043,0.9470404965949866,0.9556712659728824,1.8010583557226039,2.021067171050004,0.9541803483933083,0.9644866167124005,1.8147638901162901,2.0226435488679466,-0.4941204623846092,-0.4929393244716684,-0.4256646680676483,-0.032440534503162546,0.5773502691896258,0.3779644730092272,0.0,0.0
-1.6853961621147517,-2.4869053939664756,-1.4342413732836023,-0.7559841085640454,-1.6851933855091064,-2.4861465746996094,-1.405821256274396,-0.7266496087562893,-1.684907376461582,-2.485154555734287,-1.3755939282706997,-0.6958710606109079,-0.6561963627993935,-0.8168502699337472,-1.0196220681146897,-1.0182785049214242,-1.7320508075688774,-2.6457513110645903,0.0,0.0
0.38651239525998343,0.24877066088796035,-0.17574466272009495,-0.1090825681456391,0.39044870473396226,0.24709668828951598,-0.20091392391462065,-0.14865015618343524,0.39430097046057305,0.24450912425268737,-0.2281872459063901,-0.18853251166823612,-0.3364712956478458,0.2240008275947965,0.8348300586663745,1.3202847390498191,0.5773502691896258,0.3779644730092272,0.0,0.0
0.1913528120645616,0.04613138314096978,-0.6718048365858688,-0.6210903156936933,0.19730615627801446,0.04682769353687501,-0.6987978940381823,-0.6636038710568448,0.203551943477038,0.046513631851768995,-0.7285683890147815,-0.7058768467214563,-0.6561963627993935,-0.04809941836127831,0.8725386985264082,1.3948318587984847,0.5773502691896258,0.3779644730092272,0.0,0.0
-1.6853961621147517,-2.4869053939664756,-1.4342413732836023,-0.8708566765493788,-1.6851933855091064,-2.4861465746996094,-1.405821256274396,-0.8581814702578435,-1.684907376461582,-2.485154555734287,-1.3755939282706997,-0.8465673474231238,-0.6561963627993935,-0.8168502699337472,-1.0196220681146897,-0.4656440574243913,-1.7320508075688774,-2.6457513110645903,0.0,0.0
0.1913528120645616,0.10498920231786109,-0.13661383645401293,0.4347174037729573,0.19730615627801446,0.11450758579371911,-0.10651471109262764,0.4652589047419757,0.203551943477038,0.1244399621747924,-0.0753119018265778,0.4965583396323058,-0.6561963627993935,-0.8158705039005083,-1.0146943651533213,-1.0025801456763872,0.5773502691896258,0.3779644730092272,0.0,0.0
0.49630961937661566,0.2176686114380972,-0.49333597626033887,-1.4342413732836028,0.4796748747033382,0.1984358108320558,-0.5347738443364167,-1.4058212562743961,0.46321267270984673,0.17942146661381672,-0.5750504243134531,-1.3755939282706997,2.2197742526839175,1.7780424254756766,1.3648211072394083,-1.0196220681146897,0.5773502691896258,0.3779644730092272,0.0,0.0
-1.6853961621147517,-0.16024426536639438,-0.7562418316112353,-0.13844991678782026,-1.6851933855091064,-0.1516123868364875,-0.7269403634112871,-0.10858217525379169,-1.684907376461582,-0.14258369955428382,-0.6961989436811431,-0.07763871559122996,-0.6561963627993935,-0.8168502699337472,-1.0171841680896747,-1.0070300708949864,-1.7320508075688774,0.3779644730092272,0.0,0.0
0.5851056362587667,0.5121336333660094,0.6217612115668882,0.8187647446964379,0.5902910756967774,0.5162588924918688,0.6186183648572624,0.7976297940716456,0.5955571274124715,0.5200746224614596,0.6134554354634921,0.7744538539056586,-0.4147962293702959,-0.21300499363849526,0.13458855370070558,0.746571198349371,0.5773502691896258,0.3779644730092272,0.0,0.0
0.1913528120645616,0.10259755986677956,-0.16694787214439474,0.33940976368812537,0.19730615627801446,0.11179696113814573,-0.14066778463911106,0.3588206952929793,0.203551943477038,0.1213668583850548,-0.11374229426280622,0.3778219051769025,-0.6561963627993935,-0.7881893781421012,-0.8881949797565873,-0.6342234650937792,0.5773502691896258,0.3779644730092272,0.0,0.0
0.722241055121774,0.6156928372573306,0.7109011380490197,0.7728394631287456,0.7231678288539413,0.6113179518445833,0.6845795340986287,0.7356452729619746,0.7237353519281923,0.6061723466423629,0.656478829857391,0.697779226455893,0.1572632479136003,0.5750370863254597,0.9152279051527412,1.282355368893083,0.5773502691896258,0.3779644730092272,0.0,0.0
0.4028166136993613,0.3320097322895145,0.3151740934577075,0.6829743341206238,0.4090852675753655,0.3403665738597989,0.33190967663273097,0.6849549082380249,0.41562355911776827,0.3489012583097632,0.3479901446398622,0.6851100922563643,-0.6155263910303134,-0.644048909952394,-0.5457476735159478,-0.034149129883039635,0.5773502691896258,0.3779644730092272,0.0,0.0
-1.6853961621147517,-2.4869053939664756,-1.4342413732836023,-0.756991529172439,-1.6851933855091064,-2.4861465746996094,-1.405821256274396,-0.7277868295952554,-1.684907376461582,-2.485154555734287,-1.3755939282706997,-0.6971543077163641,-0.6561963627993935,-0.8168502699337472,-1.0196220681146897,-1.0139779737251164,-1.7320508075688774,-2.6457513110645903,0.0,0.0
0.5994610706430032,0.5656916296801907,0.9310114824988944,1.3779358408607414,0.6064750063393715,0.5759985263986314,0.9575691251173652,1.3990354039053863,0.6138019493914304,0.5866544213451138,0.9840985168411468,1.4193071338771508,-0.6329786045454711,-0.7472723550076719,-0.8457341370386049,-0.6418322805640577,0.5773502691896258,0.3779644730092272,0.0,0.0
0.3839053581018178,0.2371201902661364,-0.23102728925302057,-0.17883696745000982,0.38745319947962026,0.23415243588800855,-0.2594213202726669,-0.2198013795040534,0.39085457596502143,0.2301644113818199,-0.28973734354771885,-0.26078532989650494,-0.2899520751013958,0.3356870684519272,0.9402466870731359,1.3637870076558367,0.5773502691896258,0.3779644730092272,0.0,0.0
0.1913528120645616,0.037526589205493746,-0.7282115863163371,-0.6930670212634321,0.19730615627801446,0.03683620750869531,-0.7593634238465401,-0.7366917913445875,0.203551943477038,0.0348921372052904,-0.7930111338221706,-0.7796984570610148,-0.6561963627993935,0.07277706088798734,1.009189618981913,1.4286620851743468,0.5773502691896258,0.3779644730092272,0.0,0.0
-1.6853961621147517,-0.16024426536639438,-0.7560692733752032,-0.13755521889136146,-1.6851933855091064,-0.1516123868364875,-0.7267456710967194,-0.10757469480997782,-1.684907376461582,-0.14258369955428382,-0.6959793688298821,-0.07650481829888846,-0.6561963627993935,-0.8168502699337472,-1.0179174764322454,-1.010765861033898,-1.7320508075688774,0.3779644730092272,0.0,0.0
0.9433282671509446,0.955876851643117,1.830458808255745,2.093454075063404,0.9506261762221898,0.9655879635459902,1.849897076692189,2.103330580144476,0.9581842798848169,0.9754693281175579,1.8681086777598352,2.1112150312097504,-0.5388747160117038,-0.5766646375883396,-0.5648504265224544,-0.23215471795165457,0.5773502691896258,0.3779644730092272,0.0,0.0
0.9318575627457524,0.9247359265035382,1.6803695772751654,1.8478220774094452,0.9378344248428844,0.9311780308284944,1.6864317384654075,1.8399365997466819,0.9439270217983955,0.9374896840016074,1.690494905679835,1.8296342488129074,-0.3816547174588334,-0.2949795040775447,-0.12385560912706707,0.35125332518180075,0.5773502691896258,0.3779644730092272,0.0,0.0
0.1913528120645616,0.10191365459987933,-0.17526861670379767,0.315174093457706,0.19730615627801446,0.11102012096724832,-0.15003059946041947,0.331909676632731,0.203551943477038,0.12048407266499235,-0.12427022453947152,0.3479901446398622,-0.6561963627993935,-0.7801206455259048,-0.8536801678586828,-0.5457476735159479,0.5773502691896258,0.3779644730092272,0.0,0.0
0.5910427177986317,0.533247200638921,0.7348548796925554,1.0028545789844854,0.5969812961193549,0.5397183764738399,0.7414551874620665,0.992625934222798,0.6030951507896014,0.5461090059786475,0.7464631901001958,0.9801732221329024,-0.5046542397229343,-0.4155206320654097,-0.1864543459819393,0.3899120854191483,0.5773502691896258,0.3779644730092272,0.0,0.0
-1.6853961621147517,-2.4869053939664756,-1.4342413732836023,-0.7773561173156411,-1.6851933855091064,-2.4861465746996094,-1.405821256274396,-0.7509022025928179,-1.684907376461582,-2.485154555734287,-1.3755939282706997,-0.7233904089371332,-0.6561963627993935,-0.8168502699337472,-1.0196220681146897,-0.9227927436274618,-1.7320508075688774,-2.6457513110645903,0.0,0.0
0.5014719523566767,0.28736424193249294,-0.2498882024256544,-0.24456341778105303,0.49684806605122794,0.27341853870905103,-0.2919908023703677,-0.2887386280262401,0.49131058957091067,0.25864703619815776,-0.3338329525636406,-0.3319654333316514,0.7532052914691106,1.328285767821131,1.3985644029582744,1.4682432903069371,0.5773502691896258,0.3779644730092272,0.0,0.0
-1.6853961621147517,-2.4869053939664756,-1.4342413732836023,-0.7612805393138664,-1.6851933855091064,-2.4861465746996094,-1.405821256274396,-0.732639565773856,-1.684907376461582,-2.485154555734287,-1.3755939282706997,-0.7026434256485151,-0.6561963627993935,-0.8168502699337472,-1.0196220681146897,-0.9952965806115117,-1.7320508075688774,-2.6457513110645903,0.0,0.0
0.1913528120645616,0.10487643086579755,-0.13811609694720442,0.4295725376320388,0.19730615627801446,0.1143801330976591,-0.10820626999466527,0.4594835129124478,0.203551943477038,0.12429589330938628,-0.0772156368530941,0.49007948162675957,-0.6561963627993935,-0.8145972845663693,-1.0084241031804295,-0.9817014570083453,0.5773502691896258,0.3779644730092272,0.0,0.0
0.40413620628322694,0.33987685501242687,0.374942393682931,0.8147758676124246,0.41058286034234676,0.34923835622721094,0.39838345122408614,0.8290096023331999,0.41732391507262245,0.358905180562262,0.42181010586363515,0.8421461519831706,-0.6367951522587131,-0.7311320325408237,-0.7675487714659428,-0.4383898018797226,0.5773502691896258,0.3779644730092272,0.0,0.0
0.3985269242965907,0.3079873679266192,0.1516241276670906,0.37374760260390044,0.4042018967818204,0.31332614784190754,0.15179781944002171,0.35331295548520925,0.41006075870708947,0.3184754451985588,0.15013028955897076,0.3308006286472564,-0.5445472226398543,-0.38256286564882697,0.0013293422352322812,0.7021342551924888,0.5773502691896258,0.3779644730092272,0.0,0.0
0.6001359306181971,0.5685005337088205,0.9500410255849424,1.4203135639027507,0.6072362262095445,0.5791548765978587,0.9787789939765332,1.4458652463638995,0.6146606767679054,0.5902006427524592,1.007712881464188,1.4709759070186277,-0.6432845392059973,-0.7773621529458671,-0.9178731805733416,-0.7889707569798211,0.5773502691896258,0.3779644730092272,0.0,0.0
-1.6853961621147517,-2.4869053939664756,-1.4342413732836023,-0.7571597839134211,-1.6851933855091064,-2.4861465746996094,-1.405821256274396,-0.7279769055844613,-1.684907376461582,-2.485154555734287,-1.3755939282706997,-0.6973689649232949,-0.6561963627993935,-0.8168502699337472,-1.0196220681146897,-1.0132549416393253,-1.7320508075688774,-2.6457513110645903,0.0,0.0
0.6200601511349112,0.41050188046044384,0.04951621590251666,0.051842343496042775,0.6119016885862179,0.3950265759889986,0.007007129038890706,0.008137690276208528,0.6029440744845854,0.37909180870632975,-0.03509607543031689,-0.03474030378348415,1.2297858625170721,1.5015796853092,1.4262948852268176,1.4664533764126793,0.5773502691896258,0.3779644730092272,0.0,0.0
0.5524061672699954,0.3028337321075889,-0.24456341778105187,-0.24490568201220994,0.5400385637726374,0.28475106763755753,-0.28873862802624006,-0.28917243842740575,0.527003385886388,0.26659087911234636,-0.3319654333316514,-0.3324007668185636,1.7190694751409366,1.7012956006706934,1.468243290306937,1.4712937506221462,0.5773502691896258,0.3779644730092272,0.0,0.0
0.6915736503968166,0.476089830296187,0.19970394158268562,0.1490742357477246,0.6794395996140021,0.45884688832396897,0.15646647530264715,0.10785713634795173,0.6668041400073745,0.4415274209190278,0.11388799776020157,0.06759208427398135,1.7426508872417035,1.6787287098314014,1.457773910348518,1.387709366804093,0.5773502691896258,0.3779644730092272,0.0,0.0
-1.6853961621147517,-2.4869053939664756,-1.4342413732836023,-0.7872625796312426,-1.6851933855091064,-2.4861465746996094,-1.405821256274396,-0.7621942401099043,-1.684907376461582,-2.485154555734287,-1.3755939282706997,-0.7362643729987386,-0.6561963627993935,-0.8168502699337472,-1.0196220681146897,-0.8768460252545234,-1.7320508075688774,-2.6457513110645903,0.0,0.0
0.560730017739317,0.4349476140161479,0.2682600945889153,0.33284024283337016,0.5628883069919457,0.4314365158758151,0.24208417283094175,0.2944562248977424,0.5647667724087496,0.4270734772729235,0.2140789671209908,0.2555948933750741,-0.05381478220985878,0.44366953621964816,0.8894815633528571,1.3014702024791691,0.5773502691896258,0.3779644730092272,0.0,0.0
-1.6853961621147517,-0.16024426536639438,-0.7606394112593817,-0.1603605898422096,-1.6851933855091064,-0.1516123868364875,-0.7319133840154174,-0.13325343527461903,-1.684907376461582,-0.14258369955428382,-0.7018210625642094,-0.10540252275975279,-0.6561963627993935,-0.8168502699337472,-0.9981154690483726,-0.9155893748378443,-1.7320508075688774,0.3779644730092272,0.0,0.0
0.5297434191743313,0.35217195981738764,-0.04089028826927715,-0.023398426384226973,0.5282397855002451,0.34212055956922677,-0.07879759353336928,-0.06649956996514512,0.5260770419657458,0.3310858081298407,-0.1173188047125255,-0.10902270920475281,0.3823002207574721,1.001068799317305,1.2678835440046823,1.4426902486629054,0.5773502691896258,0.3779644730092272,0.0,0.0
0.7619487226602022,0.7191137047263886,1.1452391467814085,1.3573356847894453,0.7672731878981405,0.7239234814898721,1.1453634345296768,1.3414204619967771,0.7726684333084249,0.7284825854100581,1.1434487262586186,1.3232399351249444,-0.3655430201570491,-0.21159188784039984,0.04982375337217707,0.5971103173584331,0.5773502691896258,0.3779644730092272,0.0,0.0
-1.6853961621147517,-2.4869053939664756,-1.4342413732836023,-0.8873711818472879,-1.6851933855091064,-2.4861465746996094,-1.405821256274396,-0.8772588487614911,-1.684907376461582,-2.485154555734287,-1.3755939282706997,-0.8686250114329375,-0.6561963627993935,-0.8168502699337472,-1.0196220681146897,-0.3805719584263137,-1.7320508075688774,-2.6457513110645903,0.0,0.0
0.9296189510621476,0.9188945145662945,1.653666098712529,1.8069552406244291,0.9353446890518419,0.9247555841302257,1.6575773599631236,1.7965946208129535,0.9411600566664283,0.9304388241128534,1.6594050350680867,1.7838292170714969,-0.3517897822985541,-0.24500499112224813,-0.05306401909612122,0.43223864673220147,0.5773502691896258,0.3779644730092272,0.0,0.0
0.7595787362491759,0.712338917231871,1.1133581544965987,1.309139664315767,0.7646265745785276,0.7164655271269053,1.1110111644567306,1.2906446226768977,0.7697148177299552,0.7202859707210775,1.1065534282348692,1.269953510827519,-0.3326092121347,-0.1528049002456088,0.13110322435479596,0.6812565762275715,0.5773502691896258,0.3779644730092272,0.0,0.0
-1.6853961621147517,-2.4869053939664756,-1.4342413732836023,-0.7748166077222749,-1.6851933855091064,-2.4861465746996094,-1.405821256274396,-0.7480115847124827,-1.684907376461582,-2.485154555734287,-1.3755939282706997,-0.7200997372793811,-0.6561963627993935,-0.8168502699337472,-1.0196220681146897,-0.9344343832713526,-1.7320508075688774,-2.6457513110645903,0.0,0.0
-1.6853961621147517,-2.4869053939664756,-1.4342413732836023,-0.8082260028462133,-1.6851933855091064,-2.4861465746996094,-1.405821256274396,-0.7861595623453748,-1.684907376461582,-2.485154555734287,-1.3755939282706997,-0.7636730726849652,-0.6561963627993935,-0.8168502699337472,-1.0196220681146897,-0.7772772537285185,-1.7320508075688774,-2.6457513110645903,0.0,0.0
0.1913528120645616,0.10497823558552673,-0.13676073502235256,0.4342093711201031,0.19730615627801446,0.11449519562163969,-0.10668011058386534,0.4646883660741803,0.203551943477038,0.12442596142532304,-0.07549803711238176,0.49591801286721515,-0.6561963627993935,-0.8157470670984183,-1.0140815499036762,-1.0005102809178057,0.5773502691896258,0.3779644730092272,0.0,0.0
0.1913528120645616,0.09923250946760845,-0.20688675371031073,0.22801058773082764,0.19730615627801446,0.10796992853540545,-0.18557740455126323,0.23559910796755146,0.203551943477038,0.11701216805044967,-0.1641996646855636,0.24180214720695983,-0.6561963627993935,-0.7480690217903413,-0.7235689447248131,-0.2434501657208661,0.5773502691896258,0.3779644730092272,0.0,0.0
-1.6853961621147517,-2.4869053939664756,-1.4342413732836023,-0.7568423583150836,-1.6851933855091064,-2.4861465746996094,-1.405821256274396,-0.7276183380742498,-1.684907376461582,-2.485154555734287,-1.3755939282706997,-0.6969640648060823,-0.6561963627993935,-0.8168502699337472,-1.0196220681146897,-1.0146181413654487,-1.7320508075688774,-2.6457513110645903,0.0,0.0
0.42594554806757035,0.13051969856403964,-0.7066929006414718,-1.4342413732836028,0.40908704502564225,0.11097751880203442,-0.7486264390719111,-1.4058212562743961,0.39239777273225634,0.09164621748929687,-0.7894262097122612,-1.3755939282706997,2.2207713239643625,1.7793317742312682,1.3713672240018768,-1.0196220681146897,0.5773502691896258,0.3779644730092272,0.0,0.0
0.9477564738203488,0.9686181572954726,1.8967686155303085,2.213067972356891,0.9555824869505591,0.9797631822019377,1.9229084610581528,2.233626194700281,0.9637301522858673,0.9912295885409304,1.9483638602407038,2.252827265474237,-0.601784204319801,-0.7004992975783841,-0.7862126046053555,-0.5843300344068048,0.5773502691896258,0.3779644730092272,0.0,0.0
0.7769127071440641,0.764561428514548,1.3779358408607436,1.748837737477744,0.7840301451085989,0.7742890261479524,1.399035403905386,1.7607204270011398,0.7914259547300723,0.7842375046630778,1.4193071338771508,1.7708890629689154,-0.57915414193773,-0.6357744179160554,-0.6418322805640576,-0.31560285094687096,0.5773502691896258,0.3779644730092272,0.0,0.0
-1.6853961621147517,-2.4869053939664756,-1.4342413732836023,-0.7567100827572504,-1.6851933855091064,-2.4861465746996094,-1.405821256274396,-0.7274689572930676,-1.684907376461582,-2.485154555734287,-1.3755939282706997,-0.6967954253190654,-0.6561963627993935,-0.8168502699337472,-1.0196220681146897,-1.0151848930937308,-1.7320508075688774,-2.6457513110645903,0.0,0.0
0.6006097264313784,0.5705121585927074,0.9640815040992309,1.452900311346059,0.6077706072596538,0.5814174919903905,0.9944679700959606,1.482047905722423,0.6152634611031379,0.5927453569973569,1.0252280538490113,1.5111016262887549,-0.6505144704438297,-0.7991038938256503,-0.9724323401692496,-0.9078897214979356,0.5773502691896258,0.3779644730092272,0.0,0.0
-1.6853961621147517,-2.4869053939664756,-1.4342413732836023,-0.7600724082152404,-1.6851933855091064,-2.4861465746996094,-1.405821256274396,-0.731271353719993,-1.684907376461582,-2.485154555734287,-1.3755939282706997,-0.7010942430869251,-0.6561963627993935,-0.8168502699337472,-1.0196220681146897,-1.0006019877197285,-1.7320508075688774,-2.6457513110645903,0.0,0.0
-1.6853961621147517,-2.4869053939664756,-1.4342413732836023,-1.10366818171295,-1.6851933855091064,-2.4861465746996094,-1.405821256274396,-1.1283404473254128,-1.684907376461582,-2.485154555734287,-1.3755939282706997,-1.1595165934495717,-0.6561963627993935,-0.8168502699337472,-1.0196220681146897,0.7744390460075047,-1.7320508075688774,-2.6457513110645903,0.0,0.0
0.924387013627093,0.905490753637382,1.593833329092683,1.7179736409806001,0.929533563606893,0.9100537856402614,1.5931566490615814,1.7026558069430568,0.934711113836681,0.9143397404798215,1.5902550225956058,1.6850191324834702,-0.28293563811227523,-0.13346807504184677,0.09780135107438792,0.5940997564730682,0.5773502691896258,0.3779644730092272,0.0,0.0
1.0936062614444784,1.1210778999921684,2.1151351188598104,-1.4342413732836028,1.100358803490776,1.1291935352075586,2.126838615696884,-1.4058212562743961,1.107281443300573,1.1372943944019012,2.136639577761116,-1.3755939282706997,-0.41589662703652913,-0.384831874408101,-0.29233285809266085,-1.0196220681146897,0.5773502691896258,0.3779644730092272,0.0,0.0
0.402476589788467,0.1015047288255016,-0.7649148985587289,-0.7779701076242924,0.38555280924135216,0.08184090494318304,-0.8099937015650065,-0.8201678472694848,0.36879124242486283,0.062391211052599226,-0.8537632962222251,-0.8612587867735507,2.2199602213310365,1.7814207944185352,1.473982038518706,1.3768573405828393,0.5773502691896258,0.3779644730092272,0.0,0.0
0.9441864210940089,0.9583059817360837,1.8428263727784298,2.1151351188598078,0.9515857478010655,0.9682855103800471,1.8634732432679382,2.1268386156968844,0.9592568884085991,0.9784626294847525,1.8829835138831488,2.136639577761116,-0.5509530116591072,-0.5998321935508187,-0.6047529171611737,-0.2923328580926609,0.5773502691896258,0.3779644730092272,0.0,0.0
-1.6853961621147517,-2.4869053939664756,-1.4342413732836023,-0.755948543895695,-1.6851933855091064,-2.4861465746996094,-1.405821256274396,-0.7266094997520142,-1.684907376461582,-2.485154555734287,-1.3755939282706997,-0.6958258452816599,-0.6561963627993935,-0.8168502699337472,-1.0196220681146897,-1.018429053618146,-1.7320508075688774,-2.6457513110645903,0.0,0.0
0.5784464504037028,0.4896905077605729,0.5104239131002878,0.6532217906424873,0.5827938801093349,0.49144406567309407,0.4988435692534721,0.6244685404249458,0.5871187086565158,0.49268424880734546,0.48508650271891995,0.5941082740546565,-0.31483204116369345,-0.008594126632701395,0.4119776078172163,0.9939636608312278,0.5773502691896258,0.3779644730092272,0.0,0.0
0.40397800887554924,0.3389173923103439,0.36742789723607755,0.7974488922545176,0.41040348611019584,0.3481560331353977,0.39000571717059057,0.8099729561426722,0.41712044890717304,0.3576842937420167,0.41248189160367527,0.8212775209364597,-0.6342652419007567,-0.7204818017658621,-0.73898645223053,-0.38193640109133414,0.5773502691896258,0.3779644730092272,0.0,0.0
0.9326397914843889,0.8039833745056336,1.0051592997758012,-1.4342413732836028,0.9258816470487001,0.7915243291270443,0.9676657904228492,-1.4058212562743961,0.9185581147924796,0.7786166455158315,0.9297921849257113,-1.3755939282706997,1.1756789634364082,1.3515694281010173,1.3033335693128063,-1.0196220681146897,0.5773502691896258,0.3779644730092272,0.0,0.0
0.7283023431671717,0.5306785406845765,0.3466493738202063,0.2928830514294544,0.717896620272605,0.5145024178433193,0.30415566510667486,0.2516865221841213,0.7068940084908968,0.4981016537914048,0.2620877091340354,0.2113422289770682,1.545097305803245,1.6001878643894571,1.43978674969948,1.3937995280596431,0.5773502691896258,0.3779644730092272,0.0,0.0
0.1913528120645616,0.06564458867739376,-0.5275051573452275,-0.41503607429012807,0.19730615627801446,0.06941448112721826,-0.5418778905590734,-0.4519333259881502,0.203551943477038,0.07270278834738082,-0.5590665825900506,-0.4898343792940278,-0.6561963627993935,-0.3158874939767221,0.4565880229812035,1.216411566393024,0.5773502691896258,0.3779644730092272,0.0,0.0
0.5191627345465154,0.24687990427124812,-0.3934282263788995,-0.42224580739835865,0.5028821026287457,0.22773088298088304,-0.43792343771571945,-0.46359175033935696,0.48665850717052467,0.20879419764940219,-0.481301024946246,-0.5037815792579138,2.1850403107377696,1.7793839829090745,1.4719450632162405,1.365093042351488,0.5773502691896258,0.3779644730092272,0.0,0.0
0.3940601626053603,0.2847875617299168,0.012800344851820477,0.1518047301039809,0.39909980080127033,0.28729896770941243,0.0009389846876957794,0.12035022356830916,0.4042278194746129,0.2893035787480193,-0.013186797756549991,0.08746571196553679,-0.46854171578086634,-0.13780754684423716,0.39793282271424724,1.0608127515141317,0.5773502691896258,0.3779644730092272,0.0,0.0
0.5884184499351925,0.5237711373210743,0.6829743341206256,0.9161511635819631,0.5940234855399174,0.5291754926580476,0.6849549082380247,0.9004513126495224,0.5997616661581779,0.5343919246775912,0.6851100922563643,0.8825641109280503,-0.464856904653458,-0.3233875596678456,-0.03414912988303963,0.5690981865220227,0.5773502691896258,0.3779644730092272,0.0,0.0
0.7762845051256132,0.7625346074838905,1.366673640326418,1.7278503898441073,0.783324899243769,0.7720291677289981,1.3866275310860252,1.737900978596061,0.7906343456355486,0.7817193754305635,1.4056613474544095,1.7461391646187734,-0.5699697507638397,-0.615635775150975,-0.6039856909942243,-0.25522086888778667,0.5773502691896258,0.3779644730092272,0.0,0.0
0.40168372768927074,0.3254624856002774,0.26812387139647226,0.5873533161973182,0.40779754717917105,0.3329887343285612,0.2798305707763976,0.5814828951974739,0.41415903521012604,0.3405892171553087,0.2904590837397526,0.5735182001666813,-0.5970200406591005,-0.5720667725251496,-0.37950912614999704,0.22433427289305716,0.5773502691896258,0.3779644730092272,0.0,0.0
-1.6853961621147517,-2.4869053939664756,-1.4342413732836023,-0.7563964083898481,-1.6851933855091064,-2.4861465746996094,-1.405821256274396,-0.727114819016833,-1.684907376461582,-2.485154555734287,-1.3755939282706997,-0.696395756832788,-0.6561963627993935,-0.8168502699337472,-1.0196220681146897,-1.0165255580479329,-1.7320508075688774,-2.6457513110645903,0.0,0.0
0.7806408508875725,0.776941653753908,1.4495694852220227,1.889810502126303,0.7882196000995204,0.7881282782631686,1.4783414820708096,1.9152200576649236,0.7961334033995492,0.79970110967146,1.5069817653175999,1.9398809110357227,-0.6341594992898723,-0.761953971276938,-0.8954650493365559,-0.762077509210415,0.5773502691896258,0.3779644730092272,0.0,0.0
1.1008738418456405,1.139448532221499,2.2000915861861707,-1.4342413732836028,1.1084431618804533,1.149466296298935,2.2194163235916453,-1.4058212562743961,1.1162690228054795,1.1596421008816256,2.2372969450104834,-1.3755939282706997,-0.5130370000261996,-0.5486597166991645,-0.543622722140869,-1.0196220681146897,0.5773502691896258,0.3779644730092272,0.0,0.0
0.404896617336483,0.3445703648611126,0.41288286602139074,0.9065730096677334,0.4114442365399178,0.35453382940308575,0.44077786219122156,0.9304061415819846,0.4182999929561836,0.36487993514141526,0.46913096774513996,0.9539463713780003,-0.6488547418593936,-0.7833158488437434,-0.9149573615892809,-0.755621077894391,0.5773502691896258,0.3779644730092272,0.0,0.0
1.0048915266408338,0.9312527185191926,1.395139366725865,-1.4342413732836028,1.0032519335442727,0.9246698087689426,1.3663247554635471,-1.4058212562743961,1.0011626565139253,0.9174427697580698,1.3359510258291871,-1.3755939282706997,0.5769291087303621,0.8667121968371504,1.0309934684262123,-1.0196220681146897,0.5773502691896258,0.3779644730092272,0.0,0.0
0.7507421367191078,0.6878648746031354,1.0028545789844874,1.1497161351819485,0.7547749018294663,0.6896224379210694,0.9926259342227979,1.1238412673786946,0.7587403404069928,0.6909009937330719,0.9801732221329024,1.0961223578783643,-0.21181215508298096,0.0507577016213088,0.38991208541914824,0.9209491773556043,0.5773502691896258,0.3779644730092272,0.0,0.0
-1.6853961621147517,-0.16024426536639438,-0.7600724082152395,-0.15760181090973271,-1.6851933855091064,-0.1516123868364875,-0.7312713537199927,-0.13014777730459842,-1.684907376461582,-0.14258369955428382,-0.7010942430869251,-0.10190856269970025,-0.6561963627993935,-0.8168502699337472,-1.0006019877197283,-0.9270790074914111,-1.7320508075688774,0.3779644730092272,0.0,0.0
0.7453839921670642,0.5571707672523664,0.41954820276626487,0.36488762033730937,0.7359009604688576,0.541648394492172,0.3775756867940645,0.3237337006151627,0.7257905373140657,0.5258242151489304,0.33588466193608746,0.28336944162193073,1.4386841633349658,1.5499608224358343,1.4257644277377,1.395766532671077,0.5773502691896258,0.3779644730092272,0.0,0.0
0.9473127972569936,0.9673158157900782,1.8898105021263056,2.2000915861861676,0.955085322951135,0.9783111229386151,1.9152200576649234,2.2194163235916453,0.9631731627560531,0.9896114223623659,1.9398809110357227,2.2372969450104834,-0.595410799304148,-0.6875610327790986,-0.7620775092104148,-0.5436227221408692,0.5773502691896258,0.3779644730092272,0.0,0.0
-1.6853961621147517,-2.4869053939664756,-1.4342413732836023,-1.017669705239201,-1.6851933855091064,-2.4861465746996094,-1.405821256274396,-1.0285247883992321,-1.684907376461582,-2.485154555734287,-1.3755939282706997,-1.0442648190723058,-0.6561963627993935,-0.8168502699337472,-1.0196220681146897,0.3156479131860019,-1.7320508075688774,-2.6457513110645903,0.0,0.0
0.9356916767698524,0.9349038268684268,1.7278503898441098,1.9224202118120841,0.942103474854279,0.9423805050111652,1.7379009785960609,1.9193904998478573,0.9486772197512575,0.9498155956264299,1.7461391646187734,1.913974576313607,-0.43339561396849124,-0.384032933785765,-0.25522086888778667,0.19211247399264755,0.5773502691896258,0.3779644730092272,0.0,0.0
-1.6853961621147517,-2.4869053939664756,-1.4342413732836023,-0.7648063081047709,-1.6851933855091064,-2.4861465746996094,-1.405821256274396,-0.7366367668520032,-1.684907376461582,-2.485154555734287,-1.3755939282706997,-0.7071744422967247,-0.6561963627993935,-0.8168502699337472,-1.0196220681146897,-0.9796708450299878,-1.7320508075688774,-2.6457513110645903,0.0,0.0
0.9177026860294706,0.7797117855648865,0.9359102277173238,-1.4342413732836028,0.9100558436369304,0.7664275920883757,0.8975420875591753,-1.4058212562743961,0.9018487982584307,0.7527531146391987,0.8589798387767995,-1.3755939282706997,1.2787393510975198,1.417726560887608,1.3293673382766422,-1.0196220681146897,0.5773502691896258,0.3779644730092272,0.0,0.0
0.40469298067632375,0.34329821295426693,0.4023772731856805,0.8803339365669208,0.4112137161652048,0.3530983996342926,0.429022281497666,0.9013256696607854,0.4180389625312416,0.36326020067457926,0.455988947015195,0.9217658138417958,-0.6456441038148285,-0.7691611162753724,-0.873580763523821,-0.6616774057792372,0.5773502691896258,0.3779644730092272,0.0,0.0
0.1913528120645616,0.10449229653677138,-0.14314395283442527,0.4128828660213891,0.19730615627801446,0.11394553665719179,-0.11386826617938589,0.44077786219122167,0.203551943477038,0.12380409965321974,-0.08358841576021281,0.46913096774513996,-0.6561963627993935,-0.8102199486440739,-0.9874188171665441,-0.914957361589281,0.5773502691896258,0.3779644730092272,0.0,0.0
0.44828868520023957,0.18529451842927178,-0.5421640099955958,-0.5416721285382444,0.43850674549325336,0.16740272394359673,-0.5866927402485718,-0.5864710005142332,0.42761509660629776,0.14919454264635465,-0.6301617195324193,-0.6300717802468344,1.3639285158818117,1.648887124471596,1.4660563973079124,1.4751287368279205,0.5773502691896258,0.3779644730092272,0.0,0.0
-1.6853961621147517,-2.4869053939664756,-1.4342413732836023,-0.9064217510367176,-1.6851933855091064,-2.4861465746996094,-1.405821256274396,-0.8992971591512237,-1.684907376461582,-2.485154555734287,-1.3755939282706997,-0.8941509678817328,-0.6561963627993935,-0.8168502699337472,-1.0196220681146897,-0.28138726980566825,-1.7320508075688774,-2.6457513110645903,0.0,0.0
0.1913528120645616,0.10335347049883925,-0.1576018109097315,0.367427897236076,0.19730615627801446,0.11265487633813927,-0.1301477773045984,0.3900057171705906,0.203551943477038,0.12234091456703929,-0.10190856269970025,0.41248189160367527,-0.6561963627993935,-0.7970439657144185,-0.927079007491411,-0.7389864522305302,0.5773502691896258,0.3779644730092272,0.0,0.0
0.3101805887901891,0.013030452160034815,-0.9880041164570885,-0.9879475647203978,0.30188462903976004,-0.006150254079301327,-1.0333999201973179,-1.0333859564679906,0.2914885355428531,-0.025581757289766024,-1.0773866298438486,-1.077383959628604,1.1305059894664904,1.7117480627886117,1.4740843320548276,1.4755136022605813,0.5773502691896258,0.3779644730092272,0.0,0.0
-1.6853961621147517,-2.4869053939664756,-1.4342413732836023,-0.7802426730297293,-1.6851933855091064,-2.4861465746996094,-1.405821256274396,-0.7541899869815897,-1.684907376461582,-2.485154555734287,-1.3755939282706997,-0.7271356962144789,-0.6561963627993935,-0.8168502699337472,-1.0196220681146897,-0.9094885414420074,-1.7320508075688774,-2.6457513110645903,0.0,0.0
0.875461012809554,0.792651830998782,1.1497161351819507,1.1406824002874099,0.8756531174724507,0.7880231723732286,1.1238412673786944,1.1054213594813291,0.8754641432349533,0.7826957586715867,1.0961223578783643,1.0693848921306794,0.30448843261166325,0.6509491122298061,0.9209491773556042,1.234939419627527,0.5773502691896258,0.3779644730092272,0.0,0.0
0.7788219179548391,0.7708159388429695,1.413437673116113,1.8169017201773627,0.7861746573020116,0.7812724097861078,1.4382509695173087,1.8350352919022794,0.7938344809627096,0.792030692305336,1.4625559143513167,1.851848713777248,-0.607207922019286,-0.6987877959655444,-0.7645605850560458,-0.5217850514438183,0.5773502691896258,0.3779644730092272,0.0,0.0
0.5990588556249377,0.5640411857711488,0.9200675028456631,1.3542832042089124,0.606021307212014,0.5741453377071347,0.9453952233699331,1.372993717615906,0.6132901221812587,0.5845740362761848,0.9705731659726055,1.3906873802890345,-0.6268346026639309,-0.7297175220178067,-0.8050503635688092,-0.5629193826862414,0.5773502691896258,0.3779644730092272,0.0,0.0
0.4318165935066584,0.15769498844571966,-0.6162639731601431,-0.616042545035192,0.42066218976192266,0.139164850443227,-0.661043097382811,-0.6609532370108755,0.4084212420540475,0.12046244160373729,-0.7046547723983697,-0.7046224428306934,1.5255613201942382,1.6974087661460369,1.470950935556698,1.4753686033716564,0.5773502691896258,0.3779644730092272,0.0,0.0
0.1913528120645616,0.10479077372877378,-0.13924740728618887,0.42575679406827033,0.19730615627801446,0.11428327483932481,-0.10948022580015886,0.4552032191308401,0.203551943477038,0.12418634857564444,-0.07864948427147582,0.4852815541257414,-0.6561963627993935,-0.8136257609344768,-1.0036991251279763,-0.9663199251241329,0.5773502691896258,0.3779644730092272,0.0,0.0
-1.6853961621147517,-0.16024426536639438,-0.870856676549378,-0.5715121014834122,-1.6851933855091064,-0.1516123868364875,-0.8581814702578433,-0.590010340040992,-1.684907376461582,-0.14258369955428382,-0.8465673474231238,-0.611413937376378,-0.6561963627993935,-0.8168502699337472,-0.46564405742439124,0.5927088459628989,-1.7320508075688774,0.3779644730092272,0.0,0.0
0.8498330906081386,0.7402331244010526,0.9697595411630433,0.9359102277173219,0.8477327964307472,0.7322861085376506,0.9375025852246767,0.8975420875591754,0.8451181901649609,0.7236302790588317,0.9039390675965232,0.8589798387767995,0.5751666381426829,0.9306174300262867,1.1262518162954487,1.3293673382766424,0.5773502691896258,0.3779644730092272,0.0,0.0
0.27874410887984447,-0.044036949664757075,-1.1367144260463802,-1.1367117619231537,0.26550734067950704,-0.06409310604429427,-1.182360377508624,-1.1823600084721997,0.2501953000240765,-0.08402278631392494,-1.2264889686020468,-1.2264889357961024,1.7228148946181532,1.7725028813395132,1.4754534542822002,1.4755304602169073,0.5773502691896258,0.3779644730092272,0.0,0.0
-1.6853961621147517,-0.16024426536639438,-0.7561773344921582,-0.13811609694720564,-1.6851933855091064,-0.1516123868364875,-0.726867585485384,-0.10820626999466529,-1.684907376461582,-0.14258369955428382,-0.6961168552718007,-0.0772156368530941,-0.6561963627993935,-0.8168502699337472,-1.017458516432272,-1.0084241031804295,-1.7320508075688774,0.3779644730092272,0.0,0.0
0.40525477977755076,0.34684734385748023,0.4322844693540334,0.9573886555391963,0.41184927195256,0.357103027512837,0.46252714720026306,0.9869844883087008,0.4187581515813365,0.3677790421323462,0.49349305222466044,1.0168677432662827,-0.6544514682983363,-0.8086485752840593,-0.992684919726811,-0.9462633746614735,0.5773502691896258,0.3779644730092272,0.0,0.0
0.7774738592341588,0.7663842451171334,1.388160584831318,1.7681316319403213,0.7846602720079093,0.7763227056256324,1.4103134534083124,1.7817373095212,0.7921334333226152,0.7865051426779149,1.4317259030516454,1.7937285509744478,-0.5873770944871537,-0.6540001394128139,-0.676633693806341,-0.372409627897035,0.5773502691896258,0.3779644730092272,0.0,0.0
0.5999122580286237,0.5675633227772134,0.9436279919896386,1.405834096562565,0.6069839361252662,0.5781013802059949,0.9716248647277715,1.4298383646377117,0.614376075087344,0.5890165848650101,0.999740158684286,1.4532619814867362,-0.6398694273116705,-0.7672906400003909,-0.8933504239339247,-0.7378183564546422,0.5773502691896258,0.3779644730092272,0.0,0.0
1.0665277299186045,1.0575578542922908,1.8478220774094476,-1.4342413732836028,1.0704364259921568,1.0598342872626536,1.8399365997466817,-1.4058212562743961,1.0742511763360307,1.0616902519965281,1.8296342488129074,-1.3755939282706997,-0.07833939702143104,0.11594405205449433,0.35125332518180075,-1.0196220681146897,0.5773502691896258,0.3779644730092272,0.0,0.0
0.7908895994024703,0.5928719205184828,0.4369156992608271,-1.4342413732836028,0.7777660494591956,0.5756656280496018,0.3958395994672193,-1.4058212562743961,0.7643468080176112,0.5584998853337013,0.3554798904986009,-1.3755939282706997,1.900838587604756,1.710651067299512,1.396555174623854,-1.0196220681146897,0.5773502691896258,0.3779644730092272,0.0,0.0
-1.6853961621147517,-2.4869053939664756,-1.4342413732836023,-0.7725810721143528,-1.6851933855091064,-2.4861465746996094,-1.405821256274396,-0.7454685013408231,-1.684907376461582,-2.485154555734287,-1.3755939282706997,-0.7172065809140502,-0.6561963627993935,-0.8168502699337472,-1.0196220681146897,-0.9446311709268195,-1.7320508075688774,-2.6457513110645903,0.0,0.0
0.6092927742218248,0.36268997597066044,-0.09644686694456932,-0.13734019080196333,0.594459581928333,0.34415468321934073,-0.14046600864974576,-0.1785394652322553,0.5794141390664891,0.32575703794594824,-0.18353859778699838,-0.21865289583718134,2.041835297101625,1.7596312034760808,1.4699976231391416,1.3736105571484722,0.5773502691896258,0.3779644730092272,0.0,0.0
0.1913528120645616,0.10495198153603053,-0.13711161270239414,0.4330007683481457,0.19730615627801446,0.11446552946850656,-0.10707518938365888,0.4633312941174041,0.203551943477038,0.12439243457859733,-0.07594265769013243,0.4943952228175639,-0.6561963627993935,-0.8154511685213915,-1.012617450406989,-0.995593864746774,0.5773502691896258,0.3779644730092272,0.0,0.0
0.8676275921108441,0.7762224362263382,1.0918662323051997,1.0734722097829426,0.8670978721019823,0.7704927110123777,1.0637263207163041,1.0370123146946255,0.866140939725284,0.7640511618737224,1.0339041853278217,0.9999774690757859,0.38980739307685663,0.7440364194477979,0.9940960772356363,1.2719300739294255,0.5773502691896258,0.3779644730092272,0.0,0.0
-1.6853961621147517,-0.16024426536639438,-0.7595708129941173,-0.15514792042102346,-1.6851933855091064,-0.1516123868364875,-0.7307035527488899,-0.12738511602243824,-1.684907376461582,-0.14258369955428382,-0.7004516489728503,-0.09880017740061536,-0.6561963627993935,-0.8168502699337472,-1.0027960889069305,-0.9373064705921231,-1.7320508075688774,0.3779644730092272,0.0,0.0
0.40248676290237795,0.10146007350693885,-0.7779701076242916,-1.4342413732836028,0.38555600804231516,0.08181395658275482,-0.8201678472694846,-1.4058212562743961,0.368792102282894,0.06237677984825549,-0.8612587867735507,-1.3755939282706997,2.220816744175436,1.7798307383985073,1.376857340582839,-1.0196220681146897,0.5773502691896258,0.3779644730092272,0.0,0.0
-1.6853961621147517,-0.16024426536639438,-0.7748166077222741,-0.22561087011844222,-1.6851933855091064,-0.1516123868364875,-0.7480115847124826,-0.2066020598379341,-1.684907376461582,-0.14258369955428382,-0.7200997372793811,-0.18778255025392976,-0.6561963627993935,-0.8168502699337472,-0.9344343832713525,-0.6473886292980804,-1.7320508075688774,0.3779644730092272,0.0,0.0
0.6363165745591088,0.3918318762764369,-0.06589703355726939,-1.4342413732836028,0.6204118065168677,0.37323064036888026,-0.1070949823235718,-1.4058212562743961,0.6045895246925695,0.35484890882238057,-0.14723436197736506,-1.3755939282706997,2.1829750806482293,1.7742829237977125,1.376934014788974,-1.0196220681146897,0.5773502691896258,0.3779644730092272,0.0,0.0
0.1913528120645616,0.09105802357772368,-0.2960424987325946,0.012800344851819146,0.19730615627801446,0.09863689693534962,-0.2854872130701207,0.0009389846876957795,0.203551943477038,0.10634803738437082,-0.27600628060737115,-0.013186797756549991,-0.6561963627993935,-0.6473767147881584,-0.36753437715759274,0.3979328227142473,0.5773502691896258,0.3779644730092272,0.0,0.0
-1.6853961621147517,-2.4869053939664756,-1.4342413732836023,-0.7706120436350692,-1.6851933855091064,-2.4861465746996094,-1.405821256274396,-0.7432298197283925,-1.684907376461582,-2.485154555734287,-1.3755939282706997,-0.7146612642555125,-0.6561963627993935,-0.8168502699337472,-1.0196220681146897,-0.9535711352972145,-1.7320508075688774,-2.6457513110645903,0.0,0.0
0.3227347615359982,0.0405641542687452,-0.9137532906543644,-0.9135673338200468,0.31649803452875136,0.02224866537491279,-0.9589560226816741,-0.9588993913613619,0.30846149971755615,0.0033791887367957364,-1.002845538943121,-1.0028315629511153,0.8834378965796483,1.643006073138903,1.471117074735242,1.4754579603544806,0.5773502691896258,0.3779644730092272,0.0,0.0
0.405038447948379,0.34546489277129677,0.42039674139480043,0.925827751189016,0.4116047026880544,0.35554318398583035,0.44919441320353554,0.9518007705433633,0.4184815942211967,0.3660189214844784,0.478550692141926,0.9776873444394567,-0.6510800741290869,-0.7932703335393145,-0.9448407972128768,-0.8263949104875238,0.5773502691896258,0.3779644730092272,0.0,0.0
0.44933354790361674,0.15966864933147848,-0.616284665539521,-0.635524285809589,0.43258932269182143,0.14020328481606317,-0.6611263181621524,-0.6772489257402586,0.4159930696951602,0.1209551363729307,-0.7047369129761141,-0.7178219752267448,2.2155610912263177,1.781274619009266,1.4730445236167764,1.3677245073314728,0.5773502691896258,0.3779644730092272,0.0,0.0
0.4051632079443433,0.3462589456251816,0.42717555754517295,0.9436279919896366,0.4117457811641636,0.3564391488113359,0.45679443262328784,0.9716248647277718,0.41864116471588114,0.36702994558213414,0.48706486301545127,0.999740158684286,-0.6530285076395517,-0.8021051845031482,-0.9720297391653512,-0.8933504239339248,0.5773502691896258,0.3779644730092272,0.0,0.0
0.40529743523104467,0.3471236178021444,0.4347174037729589,0.964081504099229,0.4118974563931439,0.35741471911935807,0.4652589047419756,0.9944679700959607,0.4188125923944869,0.3681307183638575,0.4965583396323058,1.0252280538490113,-0.6551114876460385,-0.8117188729086745,-1.0025801456763872,-0.9724323401692498,0.5773502691896258,0.3779644730092272,0.0,0.0
0.405288589162571,0.3470661809695067,0.4342093711201047,0.962674742464068,0.4118874653236691,0.35734992084318257,0.4646883660741802,0.9928942200746481,0.41880130571525936,0.3680576096288215,0.49591801286721515,1.0234689496133296,-0.6549748085664889,-0.8110807260127271,-1.0005102809178057,-0.9669049128960316,0.5773502691896258,0.3779644730092272,0.0,0.0
0.598247428151484,0.560754968006373,0.898702939615291,1.309358300748292,0.6051060131182359,0.5704582263196109,0.921675080881142,1.3237036246388045,0.6122575665179826,0.5804382976304474,0.9442740923079291,1.336719776154102,-0.6144393776271544,-0.6950126520411842,-0.727150788714196,-0.41881294151817955,0.5773502691896258,0.3779644730092272,0.0,0.0
0.5651202739207559,0.447923554192653,0.32242073876767463,0.40059589676165197,0.5678151747968102,0.4455935292622993,0.2990760926006677,0.36374712261717557,0.5702914854497924,0.44247235759078796,0.27375865967033597,0.32617670386541864,-0.11777866206713823,0.3424180560066865,0.7971932332587515,1.2532369548535618,0.5773502691896258,0.3779644730092272,0.0,0.0
0.401201204150914,0.32272257116675496,0.24904161836956293,0.550270032768177,0.40724859427426563,0.3299029063860497,0.25876994377741264,0.5415807012395227,0.4135341511927467,0.3371148540002832,0.26726789974778065,0.5307435372537501,-0.589078848869012,-0.5420926544870518,-0.31413750736992974,0.3170134355924931,0.5773502691896258,0.3779644730092272,0.0,0.0
0.1913528120645616,0.10475468110471352,-0.13972208231161942,0.42416781669765125,0.19730615627801446,0.11424245209580097,-0.11001476459977835,0.45342147493459567,0.203551943477038,0.12414016703241264,-0.07925112441832392,0.4832851644413547,-0.6561963627993935,-0.813215472441613,-1.0017161971133766,-0.9599375667127312,0.5773502691896258,0.3779644730092272,0.0,0.0
0.682105453166088,0.449746417240823,0.07730985707455319,-1.4342413732836028,0.6667002468528689,0.4314074064871151,0.03609849009719413,-1.4058212562743961,0.6512921452188488,0.41326754320187414,-0.0041206124701005,-1.3755939282706997,2.1390503558182914,1.768383999599027,1.3841343363026228,-1.0196220681146897,0.5773502691896258,0.3779644730092272,0.0,0.0
0.40460693759086774,0.3427644179810995,0.3980236709635017,0.8696633342895286,0.41111627695456016,0.3524961124607314,0.42415456945722974,0.8895227588953692,0.41792858005373323,0.3625806117583265,0.4505518879448854,0.908732340152436,-0.6442829955153032,-0.7632234991919136,-0.8565644492297105,-0.6242505857153048,0.5773502691896258,0.3779644730092272,0.0,0.0
-1.6853961621147517,-2.4869053939664756,-1.4342413732836023,-0.755916962064021,-1.6851933855091064,-2.4861465746996094,-1.405821256274396,-0.726573885034536,-1.684907376461582,-2.485154555734287,-1.3755939282706997,-0.6957857010544292,-0.6561963627993935,-0.8168502699337472,-1.0196220681146897,-1.0185626576165197,-1.7320508075688774,-2.6457513110645903,0.0,0.0
0.37902441835150996,0.07242172091529343,-0.8392511311080517,-0.8494109791526588,0.3620239774512107,0.05265931542752549,-0.8844484837614919,-0.8919373976927193,0.34518619151390495,0.033109103752000386,-0.9282957943200306,-0.9333981600558537,2.220547127086191,1.7814358625525535,1.474448944859701,1.3844996020342915,0.5773502691896258,0.3779644730092272,0.0,0.0
1.084430688465752,1.0987956248520405,2.017259901705907,-1.4342413732836028,1.0901870486970653,1.104741361320205,2.0210671710500034,-1.4058212562743961,1.0960147055172096,1.1104996339313866,2.0226435488679466,-1.3755939282706997,-0.2975363105929774,-0.19834074135311275,-0.03244053450316254,-1.0196220681146897,0.5773502691896258,0.3779644730092272,0.0,0.0
0.3555088126238474,0.0433374849630372,-0.9135646243813274,-0.9136012824900605,0.33847553116464557,0.023477428826101477,-0.9588987849892959,-0.9589155862829015,0.32157618894201734,0.0038269333347975454,-1.002831453382744,-1.0028377760706335,2.215752658156372,1.7813676696982848,1.4755285361738233,1.4748616485753916,0.5773502691896258,0.3779644730092272,0.0,0.0
-1.6853961621147517,-0.16024426536639438,-0.8440451010852447,-0.4873875657271296,-1.6851933855091064,-0.1516123868364875,-0.8272822794752247,-0.49780901672307126,-1.684907376461582,-0.14258369955428382,-0.8109209467199198,-0.5108918641172535,-0.6561963627993935,-0.8168502699337472,-0.6013062459862235,0.32611994458089494,-1.7320508075688774,0.3779644730092272,0.0,0.0
-1.6853961621147517,-0.16024426536639438,-0.7637548343609142,-0.1752686167037989,-1.6851933855091064,-0.1516123868364875,-0.7354441145186169,-0.1500305994604195,-1.684907376461582,-0.14258369955428382,-0.7058217739074216,-0.12427022453947152,-0.6561963627993935,-0.8168502699337472,-0.9843504494735835,-0.853680167858683,-1.7320508075688774,0.3779644730092272,0.0,0.0
0.1913528120645616,0.0747665403814911,-0.45094916241510347,-0.28945246555275467,0.19730615627801446,0.07993318812150065,-0.45763496878029974,-0.320917413228587,0.203551943477038,0.08484978429700014,-0.466784289844306,-0.35405802512830536,-0.6561963627993935,-0.4375041698482545,0.20270181112873611,1.0403614323108723,0.5773502691896258,0.3779644730092272,0.0,0.0
0.6131659798390451,0.36282876409018744,-0.1373401908019621,-1.4342413732836028,0.5970781052454888,0.34411367726512193,-0.17853946523225528,-1.4058212562743961,0.581103994167828,0.3256222987237087,-0.21865289583718134,-1.3755939282706997,2.196689569918239,1.7756816211758097,1.373610557148472,-1.0196220681146897,0.5773502691896258,0.3779644730092272,0.0,0.0
0.5503277460218257,0.40554404641736763,0.15180473010398232,0.1932259389921093,0.5512313324923394,0.39951166998145504,0.12035022356830914,0.15239386135374333,0.5517171030158613,0.3925317219292111,0.08746571196553679,0.11155655103948182,0.09569393891992024,0.6593013988464353,1.0608127515141317,1.376893319182394,0.5773502691896258,0.3779644730092272,0.0,0.0
0.5756629668348201,0.4806435225820043,0.4677468393240153,0.5931952705518514,0.5796624252595481,0.4814761449325296,0.4532265946678741,0.5621527091860051,0.5835971425448998,0.48172426114729633,0.43652935364186596,0.5296993094097392,-0.2733302505613367,0.07067884207828808,0.5084459841601305,1.0678208570730283,0.5773502691896258,0.3779644730092272,0.0,0.0
-1.6853961621147517,-0.16024426536639438,-0.7567100827572496,-0.1408561374499198,-1.6851933855091064,-0.1516123868364875,-0.7274689572930675,-0.11129185914639177,-1.684907376461582,-0.14258369955428382,-0.6967954253190654,-0.08068854957611833,-0.6561963627993935,-0.8168502699337472,-1.0151848930937306,-0.9969781522703343,-1.7320508075688774,0.3779644730092272,0.0,0.0
0.1913528120645616,0.10413317200113095,-0.14776278362623954,0.3980236709635001,0.19730615627801446,0.11353882587333256,-0.11906959815061184,0.4241545694572298,0.203551943477038,0.12334337432453345,-0.08944250713323565,0.4505518879448854,-0.6561963627993935,-0.8060911401201882,-0.9681240460941837,-0.8565644492297106,0.5773502691896258,0.3779644730092272,0.0,0.0
0.6517323793897825,0.41989982513272567,0.05184234349604413,0.005652052776205114,0.6380996997574041,0.4018889765293713,0.008137690276208528,-0.0355512851930496,0.624099724543931,0.38392637034655147,-0.03474030378348415,-0.07572713789866233,1.9109543322724525,1.7301723644148137,1.466453376412679,1.3804873992119238,0.5773502691896258,0.3779644730092272,0.0,0.0
1.0916468581802539,1.1162422249978199,2.0934540750634065,-1.4342413732836028,1.0981835812535254,1.1238748236166296,2.1033305801444757,-1.4058212562743961,1.1048683987391457,1.1314519747438208,2.1112150312097504,-1.3755939282706997,-0.390243659925016,-0.34327995389630533,-0.23215471795165452,-1.0196220681146897,0.5773502691896258,0.3779644730092272,0.0,0.0
0.30829087613457923,-0.014833442238551185,-1.0623294543482344,-1.0623293450298408,0.29132939665091245,-0.034886729104132014,-1.1078729401098655,-1.1078729248398271,0.27434833718400947,-0.054737438195455845,-1.1519364411009512,-1.1519364395628826,2.189284449989339,1.781046183724276,1.4755276222683604,1.4755307778342013,0.5773502691896258,0.3779644730092272,0.0,0.0
0.8397925607014715,0.7206733418833497,0.9057894106725249,0.8658850692308976,0.8368476876546886,0.7116298676047872,0.8717116540196431,0.8267918728872777,0.833349568547436,0.7018949437237846,0.8365338125871253,0.7876789850602679,0.6746672383991644,1.022351269665656,1.184229042510307,1.3503541022437118,0.5773502691896258,0.3779644730092272,0.0,0.0
0.363829428623762,0.15828672454882212,-0.5505026586931124,-0.5421640099955967,0.3642845180925212,0.14750642257429342,-0.5915258747541727,-0.5866927402485719,0.3640747669073785,0.13535917531869007,-0.6327247420286143,-0.6301617195324193,0.08066094404857004,1.007552964771941,1.3482363145049288,1.4660563973079126,0.5773502691896258,0.3779644730092272,0.0,0.0
0.5118779307922651,0.31020828398740274,-0.17883696745000863,-0.17055979924038767,0.5083755361105587,0.29751075800943516,-0.21980137950405335,-0.21446910144425366,0.5040421686626579,0.2839104012108703,-0.26078532989650494,-0.25753029955545287,0.6199849695898331,1.2240326279897924,1.3637870076558365,1.4628245231393542,0.5773502691896258,0.3779644730092272,0.0,0.0
0.4773270653439262,0.23826148484903653,-0.3948571446342786,-0.39299388609254804,0.4702348508979278,0.22209065834588837,-0.4385345005173719,-0.4375364879832607,0.46209101872114067,0.20531788123442554,-0.48147666271168943,-0.48098365647509356,1.045949017626464,1.5116132007802712,1.444481349196193,1.4735530172721474,0.5773502691896258,0.3779644730092272,0.0,0.0
-1.6853961621147517,-0.16024426536639438,-0.7568423583150827,-0.14153116978145772,-1.6851933855091064,-0.1516123868364875,-0.7276183380742497,-0.11205204080766029,-1.684907376461582,-0.14258369955428382,-0.6969640648060823,-0.08154417132196849,-0.6561963627993935,-0.8168502699337472,-1.0146181413654485,-0.9941576588446291,-1.7320508075688774,0.3779644730092272,0.0,0.0
-1.6853961621147517,-0.16024426536639438,-0.7706120436350684,-0.2068867537103119,-1.6851933855091064,-0.1516123868364875,-0.7432298197283924,-0.18557740455126326,-1.684907376461582,-0.14258369955428382,-0.7146612642555125,-0.1641996646855636,-0.6561963627993935,-0.8168502699337472,-0.9535711352972144,-0.7235689447248133,-1.7320508075688774,0.3779644730092272,0.0,0.0
0.4051373772636682,0.3460939007066209,0.42575679406827194,0.9398637383612292,0.4117165786527105,0.35625292448756624,0.45520321913084005,0.9674286882499149,0.418608142243615,0.366819809314179,0.4852815541257414,0.9950675219572664,-0.6526259290668484,-0.8002691279872904,-0.9663199251241328,-0.879059409679546,0.5773502691896258,0.3779644730092272,0.0,0.0
0.9179780607243305,0.8895010080140039,1.5248410803419377,1.6193889886973878,0.9224292032560044,0.8925771596911289,1.5192555113966897,1.5992357084748703,0.9268438260062402,0.8952738882170116,1.5113559125132074,1.5769363399630183,-0.20031291749748745,-0.005896012823498499,0.25898597695678,0.7514292128896404,0.5773502691896258,0.3779644730092272,0.0,0.0
0.35556746128693334,0.043338544344214254,-0.9136012824900597,-0.9210796722999208,0.3384934215877229,0.023477666383449995,-0.9589155862829014,-0.9640134751508241,0.3215806141949717,0.003826976370189759,-1.0028377760706335,-1.005927614115709,2.2207579202449534,1.7814411628759899,1.4748616485753914,1.3947675817369993,0.5773502691896258,0.3779644730092272,0.0,0.0
0.2851902603790646,-0.04391193089256274,-1.1382645776653624,-1.4342413732836028,0.26789988903931405,-0.06406750762368062,-1.18294471593797,-1.4058212562743961,0.2507634264703851,-0.08401944874229582,-1.2266296602333153,-1.3755939282706997,2.220842046721712,1.7813927915416459,1.443027767392888,-1.0196220681146897,0.5773502691896258,0.3779644730092272,0.0,0.0
0.7337113516023495,0.6436456411419852,0.8187647446964398,0.9057894106725229,0.7358578655846272,0.6414988657377338,0.7976297940716455,0.8717116540196432,0.7377527685424379,0.638659267241129,0.7744538539056586,0.8365338125871253,0.012429323843257758,0.3850713957029821,0.746571198349371,1.1842290425103073,0.5773502691896258,0.3779644730092272,0.0,0.0
0.6005633962995823,0.5703135195808621,0.96267474246407,1.4495694852220204,0.6077183558401444,0.5811939730310034,0.992894220074648,1.4783414820708098,0.6152045246267093,0.5924938545506108,1.0234689496133296,1.5069817653175999,-0.649807863266078,-0.7969484680729708,-0.9669049128960315,-0.8954650493365561,0.5773502691896258,0.3779644730092272,0.0,0.0
0.1913528120645616,0.10227675232898024,-0.17086581347978116,0.3279207385850084,0.19730615627801446,0.1114326347428225,-0.14507678380057693,0.34605611218119753,0.203551943477038,0.12095292452473409,-0.11870046026823045,0.3636630465009701,-0.6561963627993935,-0.7844111795216522,-0.871930319103577,-0.5920366828296578,0.5773502691896258,0.3779644730092272,0.0,0.0
-1.6853961621147517,-0.16024426536639438,-1.0176697052392003,-0.9206603138785671,-1.6851933855091064,-0.1516123868364875,-1.028524788399232,-0.9620358459350562,-1.684907376461582,-0.14258369955428382,-1.0442648190723058,-1.0039715234315585,-0.6561963627993935,-0.8168502699337472,0.3156479131860018,1.342588715239764,-1.7320508075688774,0.3779644730092272,0.0,0.0
0.4899796958495683,0.2633532720185244,-0.32197617797202055,-0.3187285738870555,0.48415666647836364,0.24824184483571507,-0.3649743323060023,-0.36310845165449446,0.47734469911529764,0.23240582386377318,-0.40745771989914825,-0.40645883092963525,0.8955126818490398,1.4248458007289602,1.425165238584427,1.471603020177929,0.5773502691896258,0.3779644730092272,0.0,0.0
0.9213434468914203,0.8978415094717463,1.5605220881768005,1.669867367613723,0.9261578655222551,0.901685061223252,1.5574254283778979,1.6521063912661857,0.9309706470523333,0.9052004848625634,1.5520515855278432,1.632102019675966,-0.2434679462160346,-0.07171126413531966,0.17729502889849222,0.6736718835050981,0.5773502691896258,0.3779644730092272,0.0,0.0
-1.6853961621147517,-0.16024426536639438,-0.7559485438956941,-0.13692590207877708,-1.6851933855091064,-0.1516123868364875,-0.726609499752014,-0.10686608255266514,-1.684907376461582,-0.14258369955428382,-0.6958258452816599,-0.07570732757697046,-0.6561963627993935,-0.8168502699337472,-1.018429053618146,-1.013392417272582,-1.7320508075688774,0.3779644730092272,0.0,0.0
0.7430984829474357,0.6675797605489353,0.916151163581965,1.0318357647809635,0.7462734311482806,0.667487420033441,0.9004513126495223,1.0015627390269308,0.7492946362025357,0.6668032126244028,0.8825641109280503,0.9697877751312663,-0.10979506359844378,0.20935868445651096,0.5690981865220226,1.0627208329092042,0.5773502691896258,0.3779644730092272,0.0,0.0
0.600511304495156,0.5700907544241064,0.9611032040232853,1.4458682701831254,0.6076596053610104,0.5809433334148266,0.9911366592950206,1.4742252359078223,0.615138256468688,0.5922118689950894,1.0215050113528572,1.5024091267782527,-0.6490132582626348,-0.7945336843819379,-0.9607476578391854,-0.8817368989621998,0.5773502691896258,0.3779644730092272,0.0,0.0
-1.6853961621147517,-2.4869053939664756,-1.4342413732836023,-0.7564887177070334,-1.6851933855091064,-2.4861465746996094,-1.405821256274396,-0.7272190202611915,-1.684907376461582,-2.485154555734287,-1.3755939282706997,-0.6965133353238409,-0.6561963627993935,-0.8168502699337472,-1.0196220681146897,-1.016131556217355,-1.7320508075688774,-2.6457513110645903,0.0,0.0
0.5898070438197117,0.5287550315219796,0.7100175170252845,0.9608352951917718,0.5955884474287202,0.5347176175503835,0.7143739474694155,0.9478789199288569,0.6015252344105234,0.5405478022397641,0.7170183156346893,0.9327039648415477,-0.4859002580493885,-0.37158999527487707,-0.11246024897418604,0.47930423286020507,0.5773502691896258,0.3779644730092272,0.0,0.0
-1.6853961621147517,-2.4869053939664756,-1.4342413732836023,-0.9538968108633211,-1.6851933855091064,-2.4861465746996094,-1.405821256274396,-0.9543631540338312,-1.684907376461582,-2.485154555734287,-1.3755939282706997,-0.9580696909462663,-0.6561963627993935,-0.8168502699337472,-1.0196220681146897,-0.029345682189973153,-1.7320508075688774,-2.6457513110645903,0.0,0.0
1.081506175566022,1.0918725144194752,1.9878312703302479,-1.4342413732836028,1.0869524001045947,1.09717198805074,1.989434572533386,-1.4058212562743961,1.0924405727972086,1.1022375409645895,1.9887432933473528,-1.3755939282706997,-0.26071330765016115,-0.14288432345536445,0.04000022474424386,-1.0196220681146897,0.5773502691896258,0.3779644730092272,0.0,0.0
0.5558182002894606,0.42083834420350347,0.21134826518824593,0.2636467191556087,0.5573810293617311,0.4160904645655512,0.18245684385444083,0.2239363436100665,0.5585976063027249,0.41043760994435485,0.151917805996098,0.18398958388759046,0.017148799893747634,0.5495397372482677,0.9777619600720027,1.3426384418125021,0.5773502691896258,0.3779644730092272,0.0,0.0
0.6004527334841147,0.5698409600731487,0.9593481131322326,1.4417578085537288,0.6075935463382967,0.5806623152684122,0.9891744442140716,1.4696566094483137,0.6150637433122631,0.5918957452035594,1.0193131322703535,1.4973372104582314,-0.6481196820174863,-0.7918288243948044,-0.9538921900566076,-0.866583156635528,0.5773502691896258,0.3779644730092272,0.0,0.0
0.6915166904495654,0.5466731770064115,0.4667049938551497,0.4919040010219632,0.6893742222186848,0.5375606186567154,0.43159812711467876,0.4505771041505743,0.6866457803728464,0.5276403634963097,0.3955284515178013,0.4093691596736348,0.5210125841170231,0.9760774581745443,1.1980033124665503,1.40754849839789,0.5773502691896258,0.3779644730092272,0.0,0.0
0.9724077291703065,0.8717956890838322,1.2066203420101045,-1.4342413732836028,0.9682935780077532,0.8621248310149738,1.1727261329401408,-1.4058212562743961,0.96364512967259,0.851869541790885,1.1378540124240573,-1.3755939282706997,0.8673105085109387,1.123744646449867,1.1922619166374715,-1.0196220681146897,0.5773502691896258,0.3779644730092272,0.0,0.0
-1.6853961621147517,-2.4869053939664756,-1.4342413732836023,-0.8237165971508288,-1.6851933855091064,-2.4861465746996094,-1.405821256274396,-0.8039194419078745,-1.684907376461582,-2.485154555734287,-1.3755939282706997,-0.7840480615578507,-0.6561963627993935,-0.8168502699337472,-1.0196220681146897,-0.7019914358999806,-1.7320508075688774,-2.6457513110645903,0.0,0.0
0.3690379151028867,0.17707989889283057,-0.48169393541599903,-0.46831393922630615,0.3703112603749386,0.16799646238960614,-0.5208388817884773,-0.5124884983521787,0.37105893967919007,0.1575648307623089,-0.5605834482166517,-0.5557460693453363,-0.0174315166290359,0.8621287839565339,1.2885620979602388,1.4576737730927927,0.5773502691896258,0.3779644730092272,0.0,0.0
0.40499672974719375,0.34520095746212515,0.41816745490569684,0.9200675028456612,0.4115575117456532,0.3552453689148056,0.44669651867795035,0.9453952233699332,0.41842819748285887,0.36568285718996146,0.4757541071820806,0.9705731659726055,-0.6504265805362964,-0.7903332507469131,-0.9359481099626298,-0.8050503635688093,0.5773502691896258,0.3779644730092272,0.0,0.0
0.5690413489378712,0.45982366581610606,0.373747602603902,0.466704993855148,0.5722188832115176,0.45861337800148566,0.3533129554852092,0.4315981271146788,0.575233951154389,0.4566781067043119,0.3308006286472564,0.3955284515178013,-0.17531868553777757,0.24630371294322667,0.7021342551924888,1.1980033124665506,0.5773502691896258,0.3779644730092272,0.0,0.0
0.7471186293340284,0.6781535516215259,0.9608352951917738,1.0918662323051977,0.7507424372671839,0.6790128667846241,0.9478789199288568,1.0637263207163044,0.7542571859260659,0.6793358704617397,0.9327039648415477,1.0339041853278217,-0.16316864764523017,0.12781045667476976,0.47930423286020496,0.9940960772356365,0.5773502691896258,0.3779644730092272,0.0,0.0
0.6593130205094935,0.4208093329842556,0.005652052776206439,-1.4342413732836028,0.643633337234196,0.4023318945742867,-0.03555128519304959,-1.4058212562743961,0.6279970977923042,0.38406610750036024,-0.07572713789866233,-1.3755939282706997,2.164070392012466,1.7719908676440175,1.3804873992119235,-1.0196220681146897,0.5773502691896258,0.3779644730092272,0.0,0.0
0.6714509816433616,0.5054279258667413,0.33284024283337166,0.3466493738202047,0.6674596018354145,0.4939847084579619,0.29445622489774237,0.3041556651066749,0.6627800611287329,0.481795358941533,0.2555948933750741,0.2620877091340354,0.739551776669165,1.1711690510092203,1.3014702024791691,1.4397867496994803,0.5773502691896258,0.3779644730092272,0.0,0.0
-1.6853961621147517,-0.16024426536639438,-0.772581072114352,-0.21571232219919903,-1.6851933855091064,-0.1516123868364875,-0.745468501340823,-0.1954898824102804,-1.684907376461582,-0.14258369955428382,-0.7172065809140502,-0.17532160061359253,-0.6561963627993935,-0.8168502699337472,-0.9446311709268194,-0.6875759192228319,-1.7320508075688774,0.3779644730092272,0.0,0.0
0.3774939799846273,0.20997230169547423,-0.35086213845473835,-0.32197617797202166,0.38007263610832276,0.204118017343564,-0.3851816591850698,-0.36497433230600235,0.3823457477969326,0.19704709006327958,-0.42086831196060914,-0.40745771989914825,-0.17385692582506637,0.584520026652469,1.1330884533900856,1.4251652385844271,0.5773502691896258,0.3779644730092272,0.0,0.0
-1.6853961621147517,-2.4869053939664756,-1.4342413732836023,-0.7620057005738682,-1.6851933855091064,-2.4861465746996094,-1.405821256274396,-0.7334612073083777,-1.684907376461582,-2.485154555734287,-1.3755939282706997,-0.7035741960738491,-0.6561963627993935,-0.8168502699337472,-1.0196220681146897,-0.9920988886243735,-1.7320508075688774,-2.6457513110645903,0.0,0.0
1.0566528345929482,1.0358507786178761,1.7636741698879086,-1.4342413732836028,1.0595914544160494,1.036360718052613,1.750829778875038,-1.4058212562743961,1.0623585475955426,1.0363653779602537,1.7356129396844204,-1.3755939282706997,0.036567143914443684,0.26668987726525106,0.513399214379866,-1.0196220681146897,0.5773502691896258,0.3779644730092272,0.0,0.0
0.6003128251553088,0.5692469128259691,0.9552017771644208,1.432135257462902,0.6074357473790466,0.5799941442854174,0.9845412449139614,1.4589722201300837,0.614885745006762,0.5911442623399824,1.0141405796640803,1.4854884843776586,-0.645984705216513,-0.7854079371803968,-0.937778802327154,-0.8314675292664783,0.5773502691896258,0.3779644730092272,0.0,0.0
-1.6853961621147517,-0.16024426536639438,-0.7915188419209501,-0.2960424987325957,-1.6851933855091064,-0.1516123868364875,-0.7670526552954097,-0.2854872130701207,-1.684907376461582,-0.14258369955428382,-0.741812206046579,-0.27600628060737115,-0.6561963627993935,-0.8168502699337472,-0.856875873368104,-0.3675343771575928,-1.7320508075688774,0.3779644730092272,0.0,0.0
-1.6853961621147517,-2.4869053939664756,-1.4342413732836023,-0.7560241612034013,-1.6851933855091064,-2.4861465746996094,-1.405821256274396,-0.7266947844131447,-1.684907376461582,-2.485154555734287,-1.3755939282706997,-0.695921991982189,-0.6561963627993935,-0.8168502699337472,-1.0196220681146897,-1.0181087832331635,-1.7320508075688774,-2.6457513110645903,0.0,0.0
-1.6853961621147517,-0.16024426536639438,-0.7673468667278124,-0.192013641125355,-1.6851933855091064,-0.1516123868364875,-0.7395203348469259,-0.1688627502046069,-1.684907376461582,-0.14258369955428382,-0.710447085643622,-0.14543273207207336,-0.6561963627993935,-0.8168502699337472,-0.9683005506332708,-0.7845554070902785,-1.7320508075688774,0.3779644730092272,0.0,0.0
0.40510826395862015,0.34590830441183656,0.4241678166976528,0.9356734587425077,0.411683660395879,0.3560435091350458,0.45342147493459556,0.9627601513421669,0.41857091307486,0.3665835018892168,0.4832851644413547,0.9898719370731299,-0.6521716248998178,-0.7982042326405497,-0.9599375667127311,-0.8632363769459483,0.5773502691896258,0.3779644730092272,0.0,0.0
0.6477332538445455,0.45989428074488964,0.19322593899211074,0.19970394158268417,0.6417163473222871,0.446293207080152,0.1523938613537433,0.15646647530264718,0.6349342866311178,0.43206521302520967,0.11155655103948182,0.11388799776020157,0.9783165859187014,1.3495824732721589,1.376893319182394,1.4577739103485183,0.5773502691896258,0.3779644730092272,0.0,0.0
0.6307998409676678,0.391390451942787,-0.0222694539171599,-0.06589703355727067,0.6165267329668193,0.3730913826119503,-0.06614411047599532,-0.10709498232357181,0.6019627114302061,0.35489005594020057,-0.10912747001796692,-0.14723436197736506,1.9814140517701706,1.7472454550252843,1.468654447941738,1.3769340147889741,0.5773502691896258,0.3779644730092272,0.0,0.0
0.7791784465289271,0.7720019141078347,1.4203135639027529,1.8304588082557423,0.7865753328529702,0.7825983802438905,1.4458652463638992,1.8498970766921892,0.7942847347962547,0.7935125667170726,1.4709759070186277,1.8681086777598352,-0.6124719678728744,-0.7108954380521697,-0.788970756979821,-0.5648504265224545,0.5773502691896258,0.3779644730092272,0.0,0.0
0.47270383052994785,0.18874722520742657,-0.5419887729425537,-0.5644180385300693,0.45607737378689606,0.1693830633907187,-0.5867134617477358,-0.6059801573781307,0.4395799894743361,0.1502365518448099,-0.6302450133946477,-0.6463817795364668,2.2099174394725867,1.781024837218726,1.47262883742947,1.3656323918265294,0.5773502691896258,0.3779644730092272,0.0,0.0
0.946732656582236,0.827455079882512,1.0734722097829446,-1.4342413732836028,0.9408645214561876,0.815878049348445,1.0370123146946253,-1.4058212562743961,0.9344340208870441,0.8037997784412959,0.9999774690757859,-1.3755939282706997,1.0721419639689607,1.2801079642363398,1.2719300739294253,-1.0196220681146897,0.5773502691896258,0.3779644730092272,0.0,0.0
0.593990358838777,0.5442021940442621,0.7974488922545195,1.1133581544965967,0.600304675849024,0.5519356792299879,0.8099729561426721,1.1110111644567309,0.6068420945156097,0.5597224793890335,0.8212775209364597,1.1065534282348692,-0.5494895030641072,-0.5246141559132798,-0.3819364010913341,0.131103224354796,0.5773502691896258,0.3779644730092272,0.0,0.0
0.1913528120645616,0.10471399603314187,-0.1402558699273885,0.4223885763747772,0.19730615627801446,0.11419642898779617,-0.11061587686140605,0.4514268369029437,0.203551943477038,0.12408809408946005,-0.07992770033794376,0.4810507802704143,-0.6561963627993935,-0.812752439579487,-0.9994861329465136,-0.952806092708422,0.5773502691896258,0.3779644730092272,0.0,0.0
0.4259172469592325,0.13058727759412478,-0.6905929500574852,-0.7066929006414727,0.4090768407401788,0.11102232522724743,-0.7355528577887762,-0.7486264390719112,0.3923945638042555,0.09167325861985268,-0.7792431292688158,-0.7894262097122612,2.218548120425689,1.7813797747860967,1.4735028810509623,1.3713672240018768,0.5773502691896258,0.3779644730092272,0.0,0.0
-1.6853961621147517,-2.4869053939664756,-1.4342413732836023,-0.7565927725180702,-1.6851933855091064,-2.4861465746996094,-1.405821256274396,-0.7273364955876732,-1.684907376461582,-2.485154555734287,-1.3755939282706997,-0.6966459133545558,-0.6561963627993935,-0.8168502699337472,-1.0196220681146897,-1.0156869037387493,-1.7320508075688774,-2.6457513110645903,0.0,0.0
-1.6853961621147517,-0.16024426536639438,-0.7802426730297285,-0.24913995202628106,-1.6851933855091064,-0.1516123868364875,-0.7541899869815896,-0.2329918147501695,-1.684907376461582,-0.14258369955428382,-0.7271356962144789,-0.2173440022956097,-0.6561963627993935,-0.8168502699337472,-0.9094885414420073,-0.5526715642471826,-1.7320508075688774,0.3779644730092272,0.0,0.0
0.1913528120645616,0.10493632109243749,-0.13732042567693714,0.4322844693540318,0.19730615627801446,0.11444783107858152,-0.10731031301577182,0.46252714720026317,0.203551943477038,0.12437243016024148,-0.07620727165934235,0.49349305222466044,-0.6561963627993935,-0.8152744311301445,-1.0117459449427677,-0.9926849197268112,0.5773502691896258,0.3779644730092272,0.0,0.0
0.8679062760963328,0.7027167154774019,0.7240960964554719,-1.4342413732836028,0.8576855070431662,0.6873462976408562,0.6839514219662722,-1.4058212562743961,0.8469721724434375,0.6717792942487358,0.6440935603905422,-1.3755939282706997,1.5747841484971628,1.580282890212368,1.3788923016491794,-1.0196220681146897,0.5773502691896258,0.3779644730092272,0.0,0.0
0.7794966113390167,0.7730657928945838,1.4265262277384887,1.8428263727784273,0.786932953870266,0.7837883686645306,1.452750813392482,1.8634732432679384,0.7946866788401619,0.7948431018476806,1.4785968705766166,1.8829835138831488,-0.6171768709012762,-0.721803516993923,-0.8112186620953595,-0.6047529171611739,0.5773502691896258,0.3779644730092272,0.0,0.0
0.4052405519134616,0.3467555405219289,0.43148145249925274,0.9552017771644189,0.41183319631997484,0.35699945110889203,0.4616257681810682,0.9845412449139617,0.41873998420798214,0.36766217413315155,0.4924819428583393,1.0141405796640803,-0.6542308818185457,-0.8076279781227199,-0.9894278587280524,-0.9377788023271542,0.5773502691896258,0.3779644730092272,0.0,0.0
0.7103530017495293,0.5036241120130552,0.27333252880517367,0.2209371204231943,0.699059726898519,0.48687496440107286,0.2304234625060508,0.17972250695256617,0.687211766128355,0.4699770906497023,0.18806577432769123,0.13941374758695949,1.6468890970692853,1.6430578552348238,1.4502441218592288,1.3910137442716037,0.5773502691896258,0.3779644730092272,0.0,0.0
1.1019243463880666,1.1421691305198838,2.2130679723568942,-1.4342413732836028,1.1096140596604316,1.1524783689643037,2.233626194700281,-1.4058212562743961,1.1175735045858526,1.1629739661057406,2.252827265474237,-1.3755939282706997,-0.5273632794970965,-0.5737924728089311,-0.5843300344068048,-1.0196220681146897,0.5773502691896258,0.3779644730092272,0.0,0.0
0.5431728168504766,0.27574800472808386,-0.35112111354509423,-1.4342413732836028,0.5267099759285635,0.25671902743392777,-0.3924015383418727,-1.4058212562743961,0.5104115889972973,0.2379133485525933,-0.4325369745157274,-1.3755939282706997,2.2163129779884865,1.777393184813363,1.3662511809481053,-1.0196220681146897,0.5773502691896258,0.3779644730092272,0.0,0.0
0.1913528120645616,0.10496588719846787,-0.13692590207877584,0.4336396342265355,0.19730615627801446,0.11448124290460418,-0.10686608255266511,0.46404860113834473,0.203551943477038,0.1244101938954903,-0.07570732757697046,0.49520007592105253,-0.6561963627993935,-0.8156079403764613,-1.0133924172725817,-0.9981913535989441,0.5773502691896258,0.3779644730092272,0.0,0.0
0.1913528120645616,0.10441808192184518,-0.14410395620663558,0.4097627316170215,0.19730615627801446,0.11386151455646462,-0.11494936261949538,0.4372850592437262,0.203551943477038,0.12370895242970613,-0.0848052255135112,0.4652244913371945,-0.6561963627993935,-0.80936906473673,-0.9834077214473216,-0.9026208718397366,0.5773502691896258,0.3779644730092272,0.0,0.0
0.1913528120645616,0.09758853943766899,-0.22561087011844103,0.17946466056912813,0.19730615627801446,0.10609658463496975,-0.20660205983793406,0.18227598726097086,0.203551943477038,0.11487608793224315,-0.18778255025392976,0.18339301854133042,-0.6561963627993935,-0.7281412231415781,-0.6473886292980803,-0.08571319495080632,0.5773502691896258,0.3779644730092272,0.0,0.0
0.9599850590943814,0.8500741920167956,1.140682400287412,-1.4342413732836028,0.955000568660245,0.8394291793244474,1.105421359481329,-1.4058212562743961,0.9494643293605476,0.8282373367031585,1.0693848921306794,-1.3755939282706997,0.9690682675277013,1.2039374264867464,1.2349394196275267,-1.0196220681146897,0.5773502691896258,0.3779644730092272,0.0,0.0
-1.6853961621147517,-0.16024426536639438,-0.7620057005738673,-0.16694787214439596,-1.6851933855091064,-0.1516123868364875,-0.7334612073083776,-0.1406677846391111,-1.684907376461582,-0.14258369955428382,-0.7035741960738491,-0.11374229426280622,-0.6561963627993935,-0.8168502699337472,-0.9920988886243733,-0.8881949797565875,-1.7320508075688774,0.3779644730092272,0.0,0.0
0.4052674119228542,0.34692898900900876,0.4330007683481473,0.9593481131322306,0.41186354341240733,0.3571951414965925,0.463331294117404,0.9891744442140719,0.418774278107535,0.36788297509958684,0.4943952228175639,1.0193131322703535,-0.6546471660444592,-0.8095561057463252,-0.9955938647467739,-0.9538921900566077,0.5773502691896258,0.3779644730092272,0.0,0.0
-1.6853961621147517,-2.4869053939664756,-1.4342413732836023,-0.7575637602629128,-1.6851933855091064,-2.4861465746996094,-1.405821256274396,-0.7284334073123946,-1.684907376461582,-2.485154555734287,-1.3755939282706997,-0.6978846502848557,-0.6561963627993935,-0.8168502699337472,-1.0196220681146897,-1.011514500930086,-1.7320508075688774,-2.6457513110645903,0.0,0.0
0.6002295593325748,0.5688949720201282,0.9527619672435139,1.4265262277384865,0.6073418317758738,0.5795983712562333,0.9818164741530063,1.4527508133924822,0.6147798051052934,0.590699240944716,1.0111004320309693,1.4785968705766166,-0.6447138080157069,-0.7816112171470845,-0.9283482563941129,-0.8112186620953596,0.5773502691896258,0.3779644730092272,0.0,0.0
-1.6853961621147517,-2.4869053939664756,-1.4342413732836023,-0.7595708129941181,-1.6851933855091064,-2.4861465746996094,-1.405821256274396,-0.73070355274889,-1.684907376461582,-2.485154555734287,-1.3755939282706997,-0.7004516489728503,-0.6561963627993935,-0.8168502699337472,-1.0196220681146897,-1.0027960889069307,-1.7320508075688774,-2.6457513110645903,0.0,0.0
-1.6853961621147517,-2.4869053939664756,-1.4342413732836023,-0.8440451010852453,-1.6851933855091064,-2.4861465746996094,-1.405821256274396,-0.8272822794752248,-1.684907376461582,-2.485154555734287,-1.3755939282706997,-0.8109209467199198,-0.6561963627993935,-0.8168502699337472,-1.0196220681146897,-0.6013062459862236,-1.7320508075688774,-2.6457513110645903,0.0,0.0
0.933874960188184,0.9300592091595331,1.7050630094594068,1.886297484683699,0.9400798958816886,0.9370392091948911,1.7131727960599552,1.8808609472473918,0.9464246398080738,0.9439342400672031,1.7193746235420486,1.8730142898384663,-0.40878426484270297,-0.34126908743903067,-0.19128248471380468,0.27103297711931834,0.5773502691896258,0.3779644730092272,0.0,0.0
0.7800337588408314,0.7748748120314598,1.437195602354861,1.8643484874763403,0.7875368485796245,0.7858130327432019,1.4645891432795637,1.8871421338346919,0.7953655821069178,0.7971083404194623,1.4917153546349327,1.9089674480666097,-0.6251364594923818,-0.7404591838029128,-0.8498731264368524,-0.675650611875105,0.5773502691896258,0.3779644730092272,0.0,0.0
-1.6853961621147517,-2.4869053939664756,-1.4342413732836023,-0.7628261874609591,-1.6851933855091064,-2.4861465746996094,-1.405821256274396,-0.7343911610662175,-1.684907376461582,-2.485154555734287,-1.3755939282706997,-0.7046280742097075,-0.6561963627993935,-0.8168502699337472,-1.0196220681146897,-0.9884706679975823,-1.7320508075688774,-2.6457513110645903,0.0,0.0
0.8172450588882075,0.6784990443886038,0.7728394631287474,0.7240960964554701,0.8125106884923085,0.6673403603479987,0.7356452729619745,0.6839514219662723,0.8071602954165952,0.6555576534203422,0.697779226455893,0.6440935603905422,0.8850124134252495,1.197979656833916,1.282355368893083,1.3788923016491796,0.5773502691896258,0.3779644730092272,0.0,0.0
0.3788626658407731,0.07241776738133843,-0.8391824412966853,-0.8392511311080525,0.36196514908209754,0.052658252461567356,-0.8844117740648649,-0.8844484837614921,0.3451682444517952,0.03310886537685719,-0.9282789782718526,-0.9282957943200306,2.207902549117471,1.78117729942724,1.4755234462500917,1.4744489448597011,0.5773502691896258,0.3779644730092272,0.0,0.0
-1.6853961621147517,-0.16024426536639438,-0.7565927725180694,-0.14025586992738973,-1.6851933855091064,-0.1516123868364875,-0.7273364955876731,-0.11061587686140606,-1.684907376461582,-0.14258369955428382,-0.6966459133545558,-0.07992770033794376,-0.6561963627993935,-0.8168502699337472,-1.015686903738749,-0.9994861329465137,-1.7320508075688774,0.3779644730092272,0.0,0.0
0.8826402342859933,0.8080525819658725,1.2052703270620602,1.2066203420101025,0.8835105406434934,0.8045081616613968,1.1817725807481332,1.172726132940141,0.8840464735333633,0.800286568903802,1.156290096330067,1.1378540124240573,0.22425793431751548,0.5590502466370121,0.8439397006502838,1.1922619166374717,0.5773502691896258,0.3779644730092272,0.0,0.0
0.1913528120645616,0.10466812813496806,-0.14085613744991857,0.4203967413947988,0.19730615627801446,0.11414453469172192,-0.11129185914639175,0.4491944132035356,0.203551943477038,0.12402936997086625,-0.08068854957611833,0.478550692141926,-0.6561963627993935,-0.8122296775642848,-0.9969781522703342,-0.944840797212877,0.5773502691896258,0.3779644730092272,0.0,0.0
0.5931202714513869,0.5409311322477037,0.7784389981373586,1.0790541594422707,0.5993235661960877,0.5482843871566343,0.7891226354463551,1.0741482387449548,0.6057357932904954,0.5556498666939595,0.7984623702738859,1.067074901162843,-0.5362413717432188,-0.4917445537162852,-0.32118230473359305,0.21520465165924835,0.5773502691896258,0.3779644730092272,0.0,0.0
-1.6853961621147517,-0.16024426536639438,-0.7835258371167778,-0.263060101240096,-1.6851933855091064,-0.1516123868364875,-0.7579319881055588,-0.24858759063477123,-1.684907376461582,-0.14258369955428382,-0.7314016912465121,-0.23479234843358013,-0.6561963627993935,-0.8168502699337472,-0.8942732824694605,-0.49719796839760977,-1.7320508075688774,0.3779644730092272,0.0,0.0
-1.6853961621147517,-2.4869053939664756,-1.4342413732836023,-0.7673468667278132,-1.6851933855091064,-2.4861465746996094,-1.405821256274396,-0.7395203348469261,-1.684907376461582,-2.485154555734287,-1.3755939282706997,-0.710447085643622,-0.6561963627993935,-0.8168502699337472,-1.0196220681146897,-0.9683005506332709,-1.7320508075688774,-2.6457513110645903,0.0,0.0
0.8497148682598725,0.6758850874710565,0.6525945611919705,-1.4342413732836028,0.838695818960915,0.6599567682002588,0.6120941379202448,-1.4058212562743961,0.8272236289255742,0.6438967594756418,0.5720105936537846,-1.3755939282706997,1.6655704827803695,1.6218734494388765,1.3874384849242263,-1.0196220681146897,0.5773502691896258,0.3779644730092272,0.0,0.0
0.7784224663679736,0.7694944401312206,1.4058340965625675,1.802060820555622,0.7857258244220086,0.7797956192475455,1.4298383646377115,1.8187895945784511,0.7933302086409407,0.7903811041643712,1.4532619814867362,1.834101903688656,-0.601319984868197,-0.6853589961333686,-0.7378183564546421,-0.47542703341578635,0.5773502691896258,0.3779644730092272,0.0,0.0
0.6819177325233751,0.5266045505977178,0.4005958967616535,0.41954820276626326,0.6788754000497574,0.5163123355224379,0.3637471226171755,0.37757568679406456,0.6751938410475657,0.505235873246898,0.32617670386541864,0.33588466193608746,0.6274380562533504,1.0750658430426585,1.2532369548535616,1.4257644277377002,0.5773502691896258,0.3779644730092272,0.0,0.0
-1.6853961621147517,-2.4869053939664756,-1.4342413732836023,-0.8154504858471074,-1.6851933855091064,-2.4861465746996094,-1.405821256274396,-0.7944373063081048,-1.684907376461582,-2.485154555734287,-1.3755939282706997,-0.7731635353137453,-0.6561963627993935,-0.8168502699337472,-1.0196220681146897,-0.7423358997691032,-1.7320508075688774,-2.6457513110645903,0.0,0.0
0.1913528120645616,-0.012929961264330938,-0.9910796116551603,-0.9880041164570892,0.19730615627801446,-0.02192203921226712,-1.0345249167354449,-1.033399920197318,0.203551943477038,-0.03350128745770572,-1.0777062688508514,-1.0773866298438486,-0.6561963627993935,0.7967457930275399,1.4086019479543812,1.4740843320548278,0.5773502691896258,0.3779644730092272,0.0,0.0
-1.6853961621147517,-0.16024426536639438,-0.7872625796312418,-0.27863396048368316,-1.6851933855091064,-0.1516123868364875,-0.7621942401099042,-0.26602062741532073,-1.684907376461582,-0.14258369955428382,-0.7362643729987386,-0.25427602926928894,-0.6561963627993935,-0.8168502699337472,-0.8768460252545233,-0.4356537799831944,-1.7320508075688774,0.3779644730092272,0.0,0.0
0.2956118236181696,-0.01527269385165199,-1.062343398454425,-1.0623294543482351,0.28496522974727956,-0.03501184365875944,-1.107875607982236,-1.1078729401098657,0.27196904502468644,-0.05476313234927402,-1.1519368104614565,-1.1519364411009512,1.4124474271490601,1.7529435353550447,1.475149235970376,1.4755276222683607,0.5773502691896258,0.3779644730092272,0.0,0.0
0.9413056695515154,0.9502154299444476,1.8020608205556246,2.044612534002933,0.9483661123864198,0.9593091394664603,1.818789594578451,2.0505372164861932,0.9556598569299737,0.9685117935342297,1.834101903688656,2.0543039265238465,-0.5105987292935101,-0.5233977751297013,-0.4754270334157863,-0.10207978914798835,0.5773502691896258,0.3779644730092272,0.0,0.0
0.7156081081004805,0.6001131421486925,0.653221790642489,0.7042157671597279,0.7158479208347371,0.5945748986425624,0.6244685404249457,0.6657326996329151,0.7156720676461322,0.5882395402648948,0.5941082740546565,0.6267901226727131,0.23876935112226763,0.6739267464090143,0.9939636608312277,1.3222949644581967,0.5773502691896258,0.3779644730092272,0.0,0.0
0.1913528120645616,0.10423984215524831,-0.14639756702664414,0.4023772731856789,0.19730615627801446,0.11365966264563389,-0.11753224256083901,0.42902228149766614,0.203551943477038,0.12348030010954454,-0.08771226960288325,0.455988947015195,-0.6561963627993935,-0.8073203761989299,-0.9738259656967146,-0.8735807635238211,0.5773502691896258,0.3779644730092272,0.0,0.0
-1.6853961621147517,-2.4869053939664756,-1.4342413732836023,-0.756177334492159,-1.6851933855091064,-2.4861465746996094,-1.405821256274396,-0.7268675854853841,-1.684907376461582,-2.485154555734287,-1.3755939282706997,-0.6961168552718007,-0.6561963627993935,-0.8168502699337472,-1.0196220681146897,-1.0174585164322723,-1.7320508075688774,-2.6457513110645903,0.0,0.0
0.1913528120645616,0.053580089868026586,-0.6195769107514507,-0.5505026586931134,0.19730615627801446,0.05546160475624232,-0.6423117647226476,-0.5915258747541728,0.203551943477038,0.05653951371772168,-0.6679496717236635,-0.6327247420286143,-0.6561963627993935,-0.15138405627691637,0.7323603215663652,1.348236314504929,0.5773502691896258,0.3779644730092272,0.0,0.0
-1.6853961621147517,-0.16024426536639438,-1.1036681817129494,-1.0634668140423356,-1.6851933855091064,-0.1516123868364875,-1.1283404473254126,-1.108194966534704,-1.684907376461582,-0.14258369955428382,-1.1595165934495717,-1.1520022279339661,-0.6561963627993935,-0.8168502699337472,0.7744390460075046,1.4481621400752984,-1.7320508075688774,0.3779644730092272,0.0,0.0
-1.6853961621147517,-0.16024426536639438,-0.7564887177070326,-0.13972208231162064,-1.6851933855091064,-0.1516123868364875,-0.7272190202611913,-0.11001476459977838,-1.684907376461582,-0.14258369955428382,-0.6965133353238409,-0.07925112441832392,-0.6561963627993935,-0.8168502699337472,-1.016131556217355,-1.0017161971133768,-1.7320508075688774,0.3779644730092272,0.0,0.0
0.35782109653915906,0.13786578601230268,-0.6210903156936923,-0.616263973160144,0.3573223866322975,0.1253769481721524,-0.6636038710568447,-0.6610430973828111,0.35599242011286725,0.11154983835435411,-0.7058768467214563,-0.7046547723983697,0.19502593895202378,1.1535258272093614,1.3948318587984845,1.4709509355566983,0.5773502691896258,0.3779644730092272,0.0,0.0
-1.6853961621147517,-2.4869053939664756,-1.4342413732836023,-0.756241831611236,-1.6851933855091064,-2.4861465746996094,-1.405821256274396,-0.7269403634112872,-1.684907376461582,-2.485154555734287,-1.3755939282706997,-0.6961989436811431,-0.6561963627993935,-0.8168502699337472,-1.0196220681146897,-1.0171841680896747,-1.7320508075688774,-2.6457513110645903,0.0,0.0
0.4052245253879333,0.34665231342242797,0.43058134018205,0.952761967243512,0.41181508628093194,0.3568829840492651,0.46061554597245,0.9818164741530064,0.41871951562700305,0.3675307592156753,0.4913489156686884,1.0111004320309693,-0.6539821459023141,-0.8064802129580027,-0.9857818519076438,-0.928348256394113,0.5773502691896258,0.3779644730092272,0.0,0.0
0.28508883483741904,-0.04391225705053574,-1.136711761923153,-1.136711746674574,0.26787912404408004,-0.06406750003952455,-1.1823600084721995,-1.1823600069354805,0.2507607192974672,-0.08401944108019616,-1.2264889357961024,-1.226488935697303,2.210942119019032,1.7813629773606834,1.475530460216907,1.4755309202528228,0.5773502691896258,0.3779644730092272,0.0,0.0
0.5421485595893016,0.2759173847324074,-0.31916177465732376,-0.3511211135450953,0.5261205248247739,0.2568894276483451,-0.36354340317535117,-0.3924015383418728,0.5100953083095585,0.23806546505512405,-0.4068461204739026,-0.4325369745157274,2.162767851929956,1.7773533797321752,1.47164124517114,1.3662511809481055,0.5773502691896258,0.3779644730092272,0.0,0.0
-1.6853961621147517,-2.4869053939664756,-1.4342413732836023,-0.9284290911341767,-1.6851933855091064,-2.4861465746996094,-1.405821256274396,-0.9248007188646669,-1.684907376461582,-2.485154555734287,-1.3755939282706997,-0.9237393642125659,-0.6561963627993935,-0.8168502699337472,-1.0196220681146897,-0.16530905916517677,-1.7320508075688774,-2.6457513110645903,0.0,0.0
0.5330382573491362,0.2746475827567306,-0.3187285738870544,-0.31916177465732487,0.519736820098602,0.25615843477247746,-0.3631084516544944,-0.3635434031753512,0.5058490793395345,0.23767312940158528,-0.40645883092963525,-0.4068461204739026,1.8259884506462882,1.7289960221178873,1.4716030201779289,1.4716412451711403,0.5773502691896258,0.3779644730092272,0.0,0.0
0.4031094983322975,0.3337312131369653,0.32792073858501,0.7100175170252827,0.4094179065221569,0.342307321759607,0.3460561121811975,0.7143739474694156,0.41600152320874295,0.35108890595841,0.3636630465009701,0.7170183156346893,-0.6202772127251867,-0.663053458834369,-0.5920366828296577,-0.11246024897418605,0.5773502691896258,0.3779644730092272,0.0,0.0
0.404836753783205,0.34419500685970716,0.40976273161702303,0.898702939615289,0.41137648359505147,0.35411029009728545,0.4372850592437261,0.9216750808811421,0.41822329019155363,0.36440200629810704,0.4652244913371945,0.9442740923079291,-0.647912575282731,-0.7791389484091471,-0.9026208718397364,-0.7271507887141961,0.5773502691896258,0.3779644730092272,0.0,0.0
-1.6853961621147517,-2.4869053939664756,-1.4342413732836023,-0.9834177021372723,-1.6851933855091064,-2.4861465746996094,-1.405821256274396,-0.9886633589876113,-1.684907376461582,-2.485154555734287,-1.3755939282706997,-0.9979661258981066,-0.6561963627993935,-0.8168502699337472,-1.0196220681146897,0.12935915767877618,-1.7320508075688774,-2.6457513110645903,0.0,0.0
0.395402539151775,0.29159424003299084,0.0519165416434276,0.21134826518824446,0.4006346246880232,0.2949253587219492,0.04325684175719491,0.18245684385444086,0.40598444358938973,0.2978386137924497,0.03240170246343871,0.151917805996098,-0.491568317471847,-0.2087427683357453,0.2925282199795109,0.9777619600720028,0.5773502691896258,0.3779644730092272,0.0,0.0
-1.6853961621147517,-2.4869053939664756,-1.4342413732836023,-0.8019056054373764,-1.6851933855091064,-2.4861465746996094,-1.405821256274396,-0.7789249125388116,-1.684907376461582,-2.485154555734287,-1.3755939282706997,-0.7553880593667833,-0.6561963627993935,-0.8168502699337472,-1.0196220681146897,-0.8076047463628337,-1.7320508075688774,-2.6457513110645903,0.0,0.0
-1.6853961621147517,-0.16024426536639438,-0.8082260028462125,-0.36130905479246084,-1.6851933855091064,-0.1516123868364875,-0.7861595623453747,-0.35826590905521727,-1.684907376461582,-0.14258369955428382,-0.7636730726849652,-0.3569836375990518,-0.6561963627993935,-0.8168502699337472,-0.7772772537285184,-0.11897095226716715,-1.7320508075688774,0.3779644730092272,0.0,0.0
0.40210937054802753,0.32790273933878955,0.28541039320583517,0.6217612115668866,0.40828154922332044,0.3357379202062341,0.29893967770527163,0.6186183648572625,0.4147097260371166,0.34368566810595,0.3115382057760793,0.6134554354634921,-0.6039958442251414,-0.5988384089175395,-0.439746813545742,0.1345885537007056,0.5773502691896258,0.3779644730092272,0.0,0.0
0.1913528120645616,0.08699683493250066,-0.33716240253105195,-0.07494253460836585,0.19730615627801446,0.09398572299323214,-0.3313790312090741,-0.0934379611001588,0.203551943477038,0.10101582184561507,-0.32711863810465297,-0.11421942884763993,-0.6561963627993935,-0.5960688911391009,-0.20962418181417408,0.6160231738581805,0.5773502691896258,0.3779644730092272,0.0,0.0
-1.6853961621147517,-0.16024426536639438,-0.856515413493731,-0.5275051573452285,-1.6851933855091064,-0.1516123868364875,-0.8416437245749734,-0.5418778905590734,-1.684907376461582,-0.14258369955428382,-0.8274732155327976,-0.5590665825900506,-0.6561963627993935,-0.8168502699337472,-0.538545327695497,0.45658802298120355,-1.7320508075688774,0.3779644730092272,0.0,0.0
0.5975240494774706,0.5578672792789169,0.8803339365669227,1.2718842671159811,0.6042900544816797,0.5672211319950803,0.9013256696607853,1.2827512230190463,0.6113371019499116,0.576810834090506,0.9217658138417958,1.2920710030295386,-0.6033911254944536,-0.6647721268739166,-0.6616774057792371,-0.3040618283665441,0.5773502691896258,0.3779644730092272,0.0,0.0
1.0448339521032097,1.0106979001674983,1.6698673676137255,-1.4342413732836028,1.0466541648214047,1.0092937055058668,1.6521063912661855,-1.4058212562743961,1.0482212960074946,1.0073135873744414,1.632102019675966,-1.3755939282706997,0.16888101869955593,0.42954320772154025,0.673671883505098,-1.0196220681146897,0.5773502691896258,0.3779644730092272,0.0,0.0
0.41402654845216263,0.12955234527124812,-0.6905098462277562,-0.6904201121360097,0.4015289089873524,0.11053132074820299,-0.7354707892820151,-0.7354384880806325,0.3880165762007494,0.0914673774656515,-0.7791844169363826,-0.7791742823853074,1.6831267875943452,1.7326374161567168,1.473541479641368,1.4754695849231443,0.5773502691896258,0.3779644730092272,0.0,0.0
-1.6853961621147517,-0.16024426536639438,-0.7563145072627989,-0.13882529378976466,-1.6851933855091064,-0.1516123868364875,-0.7270223797954193,-0.10900488277831406,-1.684907376461582,-0.14258369955428382,-0.696291464080902,-0.07811447605016911,-0.6561963627993935,-0.8168502699337472,-1.0168747001120113,-1.0054622982144135,-1.7320508075688774,0.3779644730092272,0.0,0.0
0.35333041633372,0.043264776483361043,-0.9135673338200462,-0.913564624381328,0.3375025829673877,0.023455242470470476,-0.9588993913613617,-0.9588987849892961,0.3212196656854237,0.0038214439559728945,-1.0028315629511153,-1.002831453382744,2.0675529170161857,1.7768473469987696,1.4754579603544804,1.4755285361738235,0.5773502691896258,0.3779644730092272,0.0,0.0
0.1913528120645616,0.10489881383213738,-0.1378192291515741,0.4305813401820484,0.19730615627801446,0.11440543658265777,-0.1078719803790581,0.46061554597245014,0.203551943477038,0.12432450354637876,-0.07683940148120302,0.4913489156686884,-0.6561963627993935,-0.814850579463122,-1.009663657136305,-0.9857818519076439,0.5773502691896258,0.3779644730092272,0.0,0.0
-1.6853961621147517,-0.16024426536639438,-0.7688768001475297,-0.1990211568460822,-1.6851933855091064,-0.1516123868364875,-0.7412580202923631,-0.17673941609547553,-1.684907376461582,-0.14258369955428382,-0.7124206166759708,-0.1542784818792455,-0.6561963627993935,-0.8168502699337472,-0.961413437704689,-0.7557711307033536,-1.7320508075688774,0.3779644730092272,0.0,0.0
0.1913528120645616,0.07846881253672275,-0.4179550120619798,-0.23102728925302174,0.19730615627801446,0.084193658913633,-0.421145286758737,-0.25942132027266696,0.203551943477038,0.0897589744549212,-0.42657496182573695,-0.28973734354771885,-0.6561963627993935,-0.48608989456283813,0.08716456868236516,0.940246687073136,0.5773502691896258,0.3779644730092272,0.0,0.0
0.4051861290153474,0.3464057167358903,0.42844209541063283,0.9470078139593308,0.4117716909929173,0.3566047522162224,0.45821519268493527,0.9753944156812784,0.41867045967914407,0.3672168109858805,0.488657473880967,1.0039400201635749,-0.6533853399710381,-0.8037377634414794,-0.977136137442566,-0.9062461590285401,0.5773502691896258,0.3779644730092272,0.0,0.0
-1.6853961621147517,-2.4869053939664756,-1.4342413732836023,-0.7558889139073715,-1.6851933855091064,-2.4861465746996094,-1.405821256274396,-0.7265422587586652,-1.684907376461582,-2.485154555734287,-1.3755939282706997,-0.6957500550607916,-0.6561963627993935,-0.8168502699337472,-1.0196220681146897,-1.0186811945163599,-1.7320508075688774,-2.6457513110645903,0.0,0.0
0.33209094964333824,0.014255071689270352,-0.987946959200462,-0.987963736883321,0.3149579296902242,-0.005704045560695077,-1.0333858469957555,-1.0333921641360544,0.2979740587609443,-0.025455163240565803,-1.0773839443451554,-1.0773857937653746,2.2191740568919123,1.78142561164683,1.4755302473091318,1.4751790512934202,0.5773502691896258,0.3779644730092272,0.0,0.0
0.1913528120645616,0.10050918235608067,-0.1920136411253538,0.26812387139647076,0.19730615627801446,0.10942318709151906,-0.16886275020460687,0.27983057077639767,0.203551943477038,0.11866737956072523,-0.14543273207207336,0.2904590837397526,-0.6561963627993935,-0.7634072998133967,-0.7845554070902784,-0.3795091261499971,0.5773502691896258,0.3779644730092272,0.0,0.0
-1.6853961621147517,-2.4869053939664756,-1.4342413732836023,-0.756120088548058,-1.6851933855091064,-2.4861465746996094,-1.405821256274396,-0.7268029976013796,-1.684907376461582,-2.485154555734287,-1.3755939282706997,-0.6960440134337236,-0.6561963627993935,-0.8168502699337472,-1.0196220681146897,-1.0177017566272386,-1.7320508075688774,-2.6457513110645903,0.0,0.0
0.1913528120645616,0.10288109541376854,-0.16346188345156198,0.34975500414380306,0.19730615627801446,0.11211885423873975,-0.13674432969836706,0.37032588856834264,0.203551943477038,0.1217324389793585,-0.10932942320312314,0.3905976978999326,-0.6561963627993935,-0.7915192515696472,-0.9026848031765221,-0.6725916470172616,0.5773502691896258,0.3779644730092272,0.0,0.0
-1.6853961621147517,-0.16024426536639438,-0.7560241612034005,-0.13732042567693836,-1.6851933855091064,-0.1516123868364875,-0.7266947844131446,-0.10731031301577183,-1.684907376461582,-0.14258369955428382,-0.695921991982189,-0.07620727165934235,-0.6561963627993935,-0.8168502699337472,-1.0181087832331632,-1.011745944942768,-1.7320508075688774,0.3779644730092272,0.0,0.0
-1.6853961621147517,-0.16024426536639438,-0.7569915291724382,-0.14229028316445017,-1.6851933855091064,-0.1516123868364875,-0.7277868295952553,-0.11290691182223651,-1.684907376461582,-0.14258369955428382,-0.6971543077163641,-0.08250636992201413,-0.6561963627993935,-0.8168502699337472,-1.0139779737251162,-0.9909857743214994,-1.7320508075688774,0.3779644730092272,0.0,0.0
0.3790276073809321,0.07239486343639515,-0.8494109791526581,-1.4342413732836028,0.3620248345956207,0.05264493373237906,-0.8919373976927192,-1.4058212562743961,0.34518638367960175,0.033102498878532685,-0.9333981600558537,-1.3755939282706997,2.2208334288161047,1.7803169450201222,1.3844996020342915,-1.0196220681146897,0.5773502691896258,0.3779644730092272,0.0,0.0
0.5725410778002831,0.4707092179825646,0.42219396997201114,0.53096701133965,0.5761519728386266,0.47055375775118047,0.40471205013022354,0.4978002576256555,0.57965160120606,0.46974277646449547,0.3850851213010538,0.46343904146173565,-0.22699225957357091,0.15566314067805206,0.6055081877189104,1.1360431466051644,0.5773502691896258,0.3779644730092272,0.0,0.0
0.3086451885886621,-0.01482799014121215,-1.06232934502984,-1.0623356532927037,0.2914302853391062,-0.034885683916330186,-1.107872924839827,-1.1078747726373461,0.27436905048030863,-0.05473729312097844,-1.1519364395628826,-1.1519368298372368,2.220401945314692,1.781440211192861,1.475530777834201,1.4753810647070535,0.5773502691896258,0.3779644730092272,0.0,0.0
0.7002972767629959,0.565615539249138,0.5309670113396516,0.5635742972803212,0.6990025924196538,0.5576971541747768,0.4978002576256554,0.5230347266253638,0.697177840611473,0.5489617941581502,0.46343904146173565,0.4824346854700343,0.4206481079049869,0.8754572058854907,1.1360431466051644,1.3845533782921822,0.5773502691896258,0.3779644730092272,0.0,0.0
1.0708216363844403,1.067212900952363,1.8862974846837017,-1.4342413732836028,1.0751627074261305,1.0703105857220345,1.8808609472473916,-1.4058212562743961,1.079446443720509,1.073033397558553,1.8730142898384663,-1.3755939282706997,-0.12959491838505685,0.0457299844639311,0.27103297711931834,-1.0196220681146897,0.5773502691896258,0.3779644730092272,0.0,0.0
0.40507544625887093,0.34569959529848343,0.42238857637477883,0.9310114824988925,0.41164654871844836,0.35580801241102356,0.45142683690294366,0.9575691251173654,0.41852893456472184,0.36631776178827036,0.4810507802704143,0.9840985168411468,-0.6516589179572769,-0.7958819853944648,-0.9528060927084219,-0.845734137038605,0.5773502691896258,0.3779644730092272,0.0,0.0
0.5831372603555489,0.5053746630691922,0.5873533161973199,0.7661131818305997,0.5880742132571898,0.508772550309205,0.5814828951974738,0.7423400519800744,0.5930609289982186,0.511795332798087,0.5735182001666813,0.7166426118489477,-0.38515253674222477,-0.1502772902190597,0.2243342728930571,0.8324623648436972,0.5773502691896258,0.3779644730092272,0.0,0.0
0.2851894153357783,-0.043911215387559356,-1.1367117466745733,-1.1367135918753952,0.26789977197140386,-0.06406735546275481,-1.1823600069354803,-1.182360396867404,0.25076341605167457,-0.08401942819493861,-1.226488935697303,-1.2264889881097993,2.2207527245142358,1.781443166452308,1.4755309202528226,1.4754820849703154,0.5773502691896258,0.3779644730092272,0.0,0.0
0.5127985304495872,0.24615137661960487,-0.392993886092547,-0.39342822637890057,0.4986492743088572,0.22733989331502613,-0.43753648798326067,-0.4379234377157195,0.4840121826747433,0.20860055858646626,-0.48098365647509356,-0.481301024946246,1.9220642414406486,1.7491105934112974,1.4735530172721472,1.4719450632162407,0.5773502691896258,0.3779644730092272,0.0,0.0
0.1913528120645616,0.10482279678645424,-0.13882529378976344,0.42717555754517134,0.19730615627801446,0.11431948959520938,-0.10900488277831404,0.45679443262328795,0.203551943477038,0.12422731185206394,-0.07811447605016911,0.48706486301545127,-0.6561963627993935,-0.8139893353144638,-1.0054622982144132,-0.9720297391653513,0.5773502691896258,0.3779644730092272,0.0,0.0
1.0782814080200034,1.0843286683513869,1.9562431248957453,-1.4342413732836028,1.0833895469699522,1.0889382398832483,1.9555640614438299,-1.4058212562743961,1.0885083871637105,1.0932668287767169,1.952537964825707,-1.3755939282706997,-0.22058550664138457,-0.08372935236004937,0.11496536080504464,-1.0196220681146897,0.5773502691896258,0.3779644730092272,0.0,0.0
0.5985502022578755,0.5619749297773856,0.9065730096677352,1.3257287457477205,0.6054475427275443,0.5718265957645511,0.9304061415819845,1.341639406110021,0.6126428480030791,0.5819726523198303,0.9539463713780003,1.3563279688661898,-0.6190643751733046,-0.707859089275111,-0.7556210778943909,-0.47047655080715256,0.5773502691896258,0.3779644730092272,0.0,0.0
0.8892069463103938,0.8224456036630519,1.258435179948078,1.2711172706723455,0.8907117600530817,0.8199610263736171,1.2374049524333406,1.2387568672183182,0.89192877240711,0.8168283080103301,1.214272283864082,1.2052178916397136,0.14914023794305215,0.469019882143928,0.7637894788341182,1.14392322684895,0.5773502691896258,0.3779644730092272,0.0,0.0
0.4959952999470153,0.2178196948311665,-0.46770373514717856,-0.49333597626033987,0.4795192655586725,0.19856003664320868,-0.5123130146931075,-0.5347738443364168,0.46314240105164745,0.1795167822368703,-0.5557668090417222,-0.5750504243134531,2.2002518470412142,1.780479305667344,1.4722647138130502,1.3648211072394085,0.5773502691896258,0.3779644730092272,0.0,0.0
0.6003868762552753,0.5695608896414998,0.9573886555391983,1.4371956023548589,0.6075192683375231,0.580347276004188,0.9869844883087007,1.464589143279564,0.6149799579359887,0.591541397823647,1.0168677432662827,1.4917153546349327,-0.6471147918538926,-0.7887996337275583,-0.9462633746614734,-0.8498731264368525,0.5773502691896258,0.3779644730092272,0.0,0.0
0.1913528120645616,0.0817008334943324,-0.3881581486864536,-0.17574466272009615,0.19730615627801446,0.08790845898181585,-0.3881047046935015,-0.2009139239146207,0.203551943477038,0.09403411198048933,-0.390053235267627,-0.2281872459063901,-0.6561963627993935,-0.5281020579377756,-0.02008821591540797,0.8348300586663746,0.5773502691896258,0.3779644730092272,0.0,0.0
0.1913528120645616,0.09546696665130255,-0.2491399520262799,0.12118879061441054,0.19730615627801446,0.10367608253087657,-0.23299181475016947,0.11856427551639248,0.203551943477038,0.11211256002140892,-0.2173440022956097,0.11396236557557078,-0.6561963627993935,-0.7021642071658645,-0.5526715642471824,0.09362836541149287,0.5773502691896258,0.3779644730092272,0.0,0.0
0.40494968296137734,0.3449041467523626,0.4156730706548177,0.9136709573454367,0.4115042835217817,0.35491045755756745,0.4439023874703614,0.9382872869560561,0.418367960399121,0.3653049324875123,0.4726268380049687,0.9626850995283305,-0.649688434659729,-0.7870302515739794,-0.9260248343882627,-0.781521872950157,0.5773502691896258,0.3779644730092272,0.0,0.0
0.3887909147402846,0.25926856382802255,-0.12370236170042206,-0.040890288269278444,0.3930637301439614,0.2587865822912728,-0.1455534997426442,-0.07879759353336928,0.39730595914180106,0.2574979374336864,-0.16962846947877325,-0.1173188047125255,-0.3767604554270551,0.12103062360231172,0.7261335491773473,1.2678835440046825,0.5773502691896258,0.3779644730092272,0.0,0.0
0.7692282940714027,0.740574514542806,1.2505528728327178,1.5248410803419354,0.7754145521789386,0.747630617478158,1.259503038521411,1.51925551139669,0.7817690149355591,0.7546357780564655,1.2667978273581197,1.5113559125132074,-0.46818262789648124,-0.4051355086163487,-0.2408591552528095,0.25898597695678,0.5773502691896258,0.3779644730092272,0.0,0.0
0.5665636605864491,0.3047818803729921,-0.27993986782309566,-1.4342413732836028,0.5502041766915576,0.28585521326565144,-0.32117675276708624,-1.4058212562743961,0.5339986179298305,0.26715340162228823,-0.36128424464404507,-1.3755939282706997,2.2124390384226467,1.7770313260509911,1.3681482097223623,-1.0196220681146897,0.5773502691896258,0.3779644730092272,0.0,0.0
0.1913528120645616,0.07052043774006278,-0.4873875657271286,-0.3508621384547394,0.19730615627801446,0.07504083994421792,-0.4978090167230712,-0.3851816591850699,0.203551943477038,0.07920405665692688,-0.5108918641172535,-0.42086831196060914,-0.6561963627993935,-0.381242729860997,0.3261199445808949,1.1330884533900858,0.5773502691896258,0.3779644730092272,0.0,0.0
0.8307831889488025,0.6485879273731715,0.5808382577133971,-1.4342413732836028,0.81900959976052,0.6321698901639565,0.540074417516005,-1.4058212562743961,0.8068296589687617,0.6156823008893934,0.49984189600398243,-1.3755939282706997,1.7507315896935862,1.6572527883686172,1.3928797447133034,-1.0196220681146897,0.5773502691896258,0.3779644730092272,0.0,0.0
0.1913528120645616,0.10313177426776249,-0.1603605898422084,0.35906193635700434,0.19730615627801446,0.11240334922590556,-0.133253435274619,0.3806856875812623,0.203551943477038,0.12205544020169108,-0.10540252275975279,0.4021129948146255,-0.6561963627993935,-0.7944546630285602,-0.9155893748378441,-0.7074216297672296,0.5773502691896258,0.3779644730092272,0.0,0.0
1.0870801994456545,1.105138709931502,2.0446125340029355,-1.4342413732836028,1.093120522629614,1.1116878984813343,2.0505372164861932,-1.4058212562743961,1.0992595946370118,1.118095064879788,2.0543039265238465,-1.3755939282706997,-0.3312623382440423,-0.25016010942580025,-0.10207978914798833,-1.0196220681146897,0.5773502691896258,0.3779644730092272,0.0,0.0
0.804678047537158,0.6559466188538509,0.7042157671597297,0.6525945611919687,0.7990095840129725,0.6437907790276303,0.665732699632915,0.6120941379202448,0.7927037955216857,0.6310602432783792,0.6267901226727131,0.5720105936537846,0.9945109380819124,1.2799700741993427,1.3222949644581965,1.3874384849242263,0.5773502691896258,0.3779644730092272,0.0,0.0
0.5197503850238779,0.24671007872007347,-0.4222458073983576,-1.4342413732836028,0.50319738516804,0.22757928834511806,-0.46359175033935685,-1.4058212562743961,0.48681460895593737,0.20866954418906525,-0.5037815792579138,-1.3755939282706997,2.218561423901292,1.7777095616374157,1.3650930423514878,-1.0196220681146897,0.5773502691896258,0.3779644730092272,0.0,0.0
0.7282593799270877,0.6301922729431296,0.7661131818306015,0.8400909350292967,0.7298210999626912,0.6269503662174849,0.7423400519800742,0.8043655410706346,0.7310784339386327,0.622973038051567,0.7166426118489477,0.7677531956614588,0.08188644376586081,0.478526890096006,0.8324623648436971,1.2363242013856495,0.5773502691896258,0.3779644730092272,0.0,0.0
0.6720134577183482,0.44815627701730615,0.12585088564573801,0.07730985707455182,0.659096377805572,0.4304948210025224,0.08235378307525368,0.03609849009719414,0.6457409888789707,0.41282310040506726,0.03960672981666805,-0.0041206124701005,1.83105975865499,1.7075764172796517,1.4629896852853466,1.3841343363026228,0.5773502691896258,0.3779644730092272,0.0,0.0
0.5899035572180579,0.3338099959827875,-0.20868427324990782,-1.4342413732836028,0.5736666925745024,0.3149873350284744,-0.24989533573975775,-1.4058212562743961,0.5575671986442063,0.29638988920275733,-0.28999691083321016,-1.3755939282706997,2.206190924040054,1.7765167254770213,1.370642237120454,-1.0196220681146897,0.5773502691896258,0.3779644730092272,0.0,0.0
-1.6853961621147517,-0.16024426536639438,-0.7571597839134203,-0.1431439528344265,-1.6851933855091064,-0.1516123868364875,-0.7279769055844612,-0.1138682661793859,-1.684907376461582,-0.14258369955428382,-0.6973689649232949,-0.08358841576021281,-0.6561963627993935,-0.8168502699337472,-1.013254941639325,-0.9874188171665442,-1.7320508075688774,0.3779644730092272,0.0,0.0
-1.6853961621147517,-0.16024426536639438,-0.7563964083898473,-0.13924740728619012,-1.6851933855091064,-0.1516123868364875,-0.7271148190168328,-0.10948022580015887,-1.684907376461582,-0.14258369955428382,-0.696395756832788,-0.07864948427147582,-0.6561963627993935,-0.8168502699337472,-1.0165255580479329,-1.0036991251279763,-1.7320508075688774,0.3779644730092272,0.0,0.0
0.7569402076745992,0.7049061143175256,1.0790541594422727,1.2584351799480757,0.7616822802988578,0.7082970326006095,1.0741482387449546,1.2374049524333408,0.7664316882654939,0.7113248175609312,1.067074901162843,1.214272283864082,-0.29621336505037116,-0.0895394413177585,0.21520465165924832,0.7637894788341183,0.5773502691896258,0.3779644730092272,0.0,0.0
0.7755814136113877,0.7602823702851997,1.3542832042089146,1.7050630094594044,0.7825357883839364,0.7695196774537078,1.3729937176159057,1.7131727960599556,0.7897488560151644,0.7789251250750465,1.3906873802890345,1.7193746235420486,-0.5597160296885806,-0.5934089190642999,-0.5629193826862413,-0.19128248471380468,0.5773502691896258,0.3779644730092272,0.0,0.0
